/*!40101 SET @OLD_CHARACTER_SET_CLIENT=@@CHARACTER_SET_CLIENT */;
/*!40101 SET @OLD_CHARACTER_SET_RESULTS=@@CHARACTER_SET_RESULTS */;
/*!40101 SET @OLD_COLLATION_CONNECTION=@@COLLATION_CONNECTION */;
/*!40101 SET NAMES utf8 */;
/*!40014 SET @OLD_FOREIGN_KEY_CHECKS=@@FOREIGN_KEY_CHECKS, FOREIGN_KEY_CHECKS=0 */;
/*!40101 SET @OLD_SQL_MODE=@@SQL_MODE, SQL_MODE='NO_AUTO_VALUE_ON_ZERO' */;
/*!40111 SET @OLD_SQL_NOTES=@@SQL_NOTES, SQL_NOTES=0 */;

CREATE DATABASE IF NOT EXISTS `test_procode`
  DEFAULT CHARACTER SET utf8
  COLLATE utf8_general_ci;
USE `test_procode`;

DROP TABLE IF EXISTS `books`;

CREATE TABLE `books` (
  `id` int(11) unsigned NOT NULL AUTO_INCREMENT,
  `name` varchar(255) NOT NULL DEFAULT '',
  `author` varchar(255) NOT NULL DEFAULT '',
  `lang_id` varchar(10) NOT NULL DEFAULT '',
  PRIMARY KEY (`id`),
  UNIQUE KEY `name` (`name`),
  KEY `lang_id` (`lang_id`),
  CONSTRAINT `books_ibfk_1` FOREIGN KEY (`lang_id`) REFERENCES `languages` (`id`)
) ENGINE=InnoDB DEFAULT CHARSET=utf8;

LOCK TABLES `books` WRITE;
/*!40000 ALTER TABLE `books` DISABLE KEYS */;

INSERT INTO `books` (`id`, `name`, `author`, `lang_id`)
VALUES
	(1,'Серебряный вариант','Александр Абрамов, Сергей Абрамов','ru'),
	(2,'Всадники ниоткуда','Александр Абрамов, Сергей Абрамов','ru'),
	(3,'Детективное агентство Дирка Джентли','Дуглас Адамс','en');

/*!40000 ALTER TABLE `books` ENABLE KEYS */;
UNLOCK TABLES;


# Dump of table chapters
# ------------------------------------------------------------

DROP TABLE IF EXISTS `chapters`;

CREATE TABLE `chapters` (
  `id` int(11) unsigned NOT NULL AUTO_INCREMENT,
  `book_id` int(11) unsigned NOT NULL,
  `name` varchar(255) NOT NULL DEFAULT '',
  `number` int(11) unsigned NOT NULL,
  PRIMARY KEY (`id`),
  UNIQUE KEY `book_id` (`book_id`,`number`),
  CONSTRAINT `chapters_ibfk_1` FOREIGN KEY (`book_id`) REFERENCES `books` (`id`)
) ENGINE=InnoDB DEFAULT CHARSET=utf8;

LOCK TABLES `chapters` WRITE;
/*!40000 ALTER TABLE `chapters` DISABLE KEYS */;

INSERT INTO `chapters` (`id`, `book_id`, `name`, `number`)
VALUES
	(1,1,'СИЛЬВЕРВИЛЛЬ',1),
	(2,1,'\"ВЕСЕЛЫЙ ПЕТУХ\"',2),
	(3,1,'\"ГЕКЛЬБЕРРИ ФИНН\"',3),
	(4,2,'КАТАСТРОФА',1),
	(5,2,'ДВОЙНИКИ',2),
	(6,2,'РОЗОВЫЕ \"ОБЛАКА\"',3),
	(7,3,'1',1),
	(8,3,'2',2),
	(9,3,'3',3);

/*!40000 ALTER TABLE `chapters` ENABLE KEYS */;
UNLOCK TABLES;


# Dump of table languages
# ------------------------------------------------------------

DROP TABLE IF EXISTS `languages`;

CREATE TABLE `languages` (
  `id` varchar(10) NOT NULL DEFAULT '',
  PRIMARY KEY (`id`)
) ENGINE=InnoDB DEFAULT CHARSET=utf8;

LOCK TABLES `languages` WRITE;
/*!40000 ALTER TABLE `languages` DISABLE KEYS */;

INSERT INTO `languages` (`id`)
VALUES
	('en'),
	('ru');

/*!40000 ALTER TABLE `languages` ENABLE KEYS */;
UNLOCK TABLES;


# Dump of table pages
# ------------------------------------------------------------

DROP TABLE IF EXISTS `pages`;

CREATE TABLE `pages` (
  `id` int(11) unsigned NOT NULL AUTO_INCREMENT,
  `chapter_id` int(11) unsigned NOT NULL,
  `number` int(11) NOT NULL,
  `content` text,
  PRIMARY KEY (`id`),
  KEY `chapter_id` (`chapter_id`),
  CONSTRAINT `pages_ibfk_1` FOREIGN KEY (`chapter_id`) REFERENCES `chapters` (`id`)
) ENGINE=InnoDB DEFAULT CHARSET=utf8;

LOCK TABLES `pages` WRITE;
/*!40000 ALTER TABLE `pages` DISABLE KEYS */;

INSERT INTO `pages` (`id`, `chapter_id`, `number`, `content`)
VALUES
	(1,1,1,'<h2>1. СИЛЬВЕРВИЛЛЬ</h2>\n   За несколько дней  до  нашего  автомобильного  путешествия  я  встретил\nприехавшего в гости Дональда  Мартина  и  почти  одновременно  получил  из\nЛенинграда письмо от Зернова, в котором он сожалел, что не может  оставить\nработу в научно-исследовательском институте и принять участие в поездке  к\nЧерному морю.\n   Вдвоем с Доном  мы  выехали  из  Москвы,  и  уже  через  сутки  спираль\nСимферопольского  шоссе,  пробежав  среди  бледно-зеленых   виноградников,\nвынесла нас к морю. До  самого  горизонта  оно  было  темно-синим,  как  в\nцветном телевизоре,  -  будто  размытая  чуть  влажной  кистью  берлинская\nлазурь. Церковь, только что \"висевшая\" над  нами,  прилепившись  к  скале,\nвдруг оказалась сбоку, отороченная кустарником, растущим прямо на камнях.\n   - Остановимся? - предлагаю я сидящему рядом Мартину, заметив  крохотную\nлужайку между парой приютивших ее разлапистых крымских сосен.\n   Мартин, все еще критически относящийся  ко  мне  как  водителю,  охотно\nсоглашается, и, оставив \"Жигули\", мы располагаемся тут же,  на  запыленной\nтраве, у откоса дороги. Достаю боржоми, лимонный сок и  термос  со  льдом,\nупакованные в целлофан бутерброды.\n   - Красота! - говорит Мартин, оглядываясь.\n   Я бросаю взгляд вниз - и застываю с открытым ртом. У  Мартина  выпучены\nглаза, словно он увидел чудо. Чудо и есть. Мы  видим  не  зеленые  террасы\nвиноградников, не асфальтовый серпантин дороги, а плоский песчаный  берег,\nвздутые дюны, поросшие невысоким корявым кустарником.\n   - Альгарробо, - произносит наконец Мартин. - Как в Перу.\n   - Мы не в Перу.\n   - А это Крым, по-твоему?\n   Нет,  это  не  Крым.  Крымские  пляжи  -   галька.   А   здесь   песок.\nКрупнозернистый и красный.  Евпатория?  Не  похоже.  Справа  горы,  только\nнизкие и волнистые, вроде севастопольских. Однако и Севастополем здесь  не\nпахнет.  Город  виден  слева   у   берега,   издали   напоминающий   мазню\nабстракционистов: черно-белые мазки, рыжие плеши. Ни высокого  здания,  ни\nбашенки.\n   - Я одного боюсь, Юри, - тихо говорит Мартин. - Очень, очень боюсь.\n   Я как будто догадываюсь, но все же спрашиваю:\n   - Чего?\n   - Мы опять там, Юри.\n   - Где?\n   - Зря притворяешься. Сам знаешь.\n   - Не тот город, - сопротивляюсь я. - И море неизвестно откуда.\n   - Город, может быть, и другой. Но ведь  Река  куда-то  впадала?  В  это\nморе, наверно. Вот у моря и построили. -  Мартин  повертел  головой.  -  И\nмашины твоей, кстати, нет.'),
	(2,1,2,'   Машины действительно нет. Ни близко, ни далеко. Мы сидим, поджав  ноги,\nна голой песчаной пустоши.\n   - То, что машины нет, - к лучшему, - говорит Мартин. - Какие бы авто ни\nходили по здешним дорогам, твои \"Жигули\" всех удивят.\n   - Пешком придется тащиться до города, - вздыхаю я.\n   - Миль десять, - уточняет Мартин.\n   Унылый пейзаж. Ни души вокруг.\n   - Тогда лучше было. Вчетвером веселее.\n   - На кой черт понадобилась опять эта метаморфоза?\n   Даже спокойный Мартин раздражается. В самом деле, зачем хозяевам  этого\nмира понадобился новый эксперимент? Только потому, что мы с Мартином снова\nоказались вместе?..\n   Нехотя встали, стряхивая песок с джинсов.\n   - В таком виде и пойдем?\n   - Одежда у нас  вневременная  и  вненациональная  -  штаны  да  рубаха.\nСойдет.\n   Идти тяжело. Жара немилосердная. Сквозь серые  облака  палит  невидимое\nсолнце. Духота сильнее, чем в Крыму, и духота влажная, как в парной бане.\n   Первый же человек, которого мы встречаем на протоптанной  по  песчаному\nпобережью дорожке, одет не лучше нас: в  рыжей  рубахе  и  неопределенного\nцвета пыльных штанах, заправленных в грубые, зашнурованные до икр ботинки.\nНаши джинсы не привлекают его внимания. Он, лениво покуривая вполне земную\nсигарку, скрученную из табачного листа, сидит под желтым большим зонтом  у\nстолика с нехитрой снедью, прикрытой грязной прозрачной  сеткой.  Под  ней\nпирожки с неведомой начинкой, что-то  похожее  на  овечий  сыр  и  колбаса\nподозрительного оттенка, над которой кружатся  тоже  вполне  земные  мухи.\nСбоку на столе - открытая коробка, где видны мелкие медные монеты.\n   - Почем пирожки? - спрашивает Мартин.\n   - С ума сошел, - говорю я, - неужели будешь есть эту дрянь?\n   - Почему дрянь? - обижается  продавец.  -  Пирожки  свежие,  со  свиной\nтушенкой.\n   Разговор, как и ранее в \"раю без памяти\", ведется на английском  языке,\nкоторый я знаю лучше, чем Мартин русский.\n   - Я спрашиваю, почем? - повторяет Мартин.\n   - Пять сантимов, как и везде, - отвечает продавец.\n   Я с ужасом соображаю, что никаких сантимов у нас нет  и  взять  их  нам\nнеоткуда, но Мартин небрежным жестом как ни в чем  не  бывало  бросает  на\nстол советский полтинник.\n   - Двадцать пять  франков!  -  восклицает  продавец  и,  не  разглядывая\nмонету, прячет ее в ящик стола. - Берите пирожки, джентльмены, а я  сейчас\nдам вам сдачу.\n   Он достает из стола кулек с серебром  и  медяками,  отсчитывает  горсть\nмонет, похожих на пятиалтынные, гривенники и пятаки, и кланяется  чуть  ли\nне в пояс.\n   Я с опаской поглядываю на него.\n   - Пошли скорее, пока он не разглядел твоих \"франков\".\n   - Мне почему-то кажется, что он удовлетворился размером и весом монеты.\n   - Откуда у тебя оказался полтинник?\n   - У меня их еще два. Получил в московских кассах. Почти семьдесят  пять\nфранков - считай, что мы богачи.\n   - А вдруг влипнем?\n   - Кое-какая мелочь у нас уже есть. Судя по сдаче, у них должно быть сто\nсантимов во франке.\n   - Что-то не похоже на прежнее время. И счет другой, и монеты другие.\n   Нас обогнали два велосипедиста в коротких штанах и чулках  до  колен  и\nнесколько верховых в широкополых фетровых шляпах, какие я видел у  ковбоев\nв американских вестернах. На грубые башмаки были  надеты  шпоры  с  острым\nколесиком.\n   Облака уже рассеялись, и солнце палит все сильнее. Мы входим  в  город.\nОн чем-то  похож  на  придорожные  американские  города.  Одноэтажные,  то\nкаменные, то обшитые досками здания. На некоторых - деревянные  или  грубо\nнамалеванные изображения булок и  бубликов,  шляп  и  ботинок,  бутылок  с\nвинными этикетками. Никаких тротуаров и мостовых на  окраинах,  выложенные\nкамнем тихие переулочки там, где дома  побогаче,  церкви  с  распятием  на\nпаперти и салуны с крытым широким  крыльцом.  По  улице  навстречу  мчатся\nжелтые пылевые вихри, из них вырастают  верховые,  запряженные  парой  или\nчетверкой  лошадей  экипажи,  напоминающие  старинные  ландо   и   фиакры,\nвелосипедисты, рикши.\n   Пешеходов почти не видно. На крылечках  под  вывесками  сидят  старики,\nпровожающие нас любопытными взглядами. Иногда  оборачиваются  и  пассажиры\nоткрытых фиакров.\n   - Почему они так смотрят? - удивляется Мартин.\n   - Как смотрят?\n   - Как тот продавец, когда мы подошли.\n   - Не догадываюсь...\n   - Может, здесь не ходят без шляп?\n   - Что за вздор.\n   - Вздор не вздор, а купить будет нелишне. Да и с  торговцем  поговорим.\nВон шляпа из бересты над дверью лавки.'),
	(3,1,3,'   Мы входим. Старик продавец с клочками седины в бороде встречает  нас  у\nприлавка. Над прилавком на крючках висят шляпы разных фасонов.  Есть  даже\nцилиндры - серые, черные и лиловые.\n   - Пару шляп, - говорит Мартин.\n   Продавец критически оглядывает наши пропыленные штаны и рубахи.\n   - Ношеных или новых? - спрашивает он и зевает.\n   Пожалуй, при наших капиталах лучше приобрести ношеные.\n   - Полтора франка за пару, - лениво говорит продавец.  -  А  вы,  должно\nбыть, не здешние, новички в Сильвервилле?\n   Итак, город называется Сильвервиллем. Что-то новенькое. Да и там ли мы,\nкуда забросило нас прошлым летом? Я решаюсь \"прощупать\" аборигена.\n   - Путешествуем, - поясняю я. - Пешком, на пари. -  И  тут  же  пугаюсь:\nвдруг он не знает,  что  такое  пари.  Но  продавец  не  удивляется,  и  я\nпродолжаю: - А у вас в городе мы действительно новички. Шумно здесь...\n   - Порт, - подтверждает продавец, - с тремя причалами. Один  для  речных\nпароходов из Вудвилля - откуда до Города по железной дороге рукой  подать,\nдва других для рыбацких баркасов и шхун - рыбу привозят.  Ее  здесь  уйма.\nТут же и засолка, и копчение, и погрузка. Конечно, это - не  Город.  Город\nодин - столица. А Сильвервилль  лучше  назвать  городком.  Ну  а  Ойлер  и\nВудвилль - городишками.\n   - Ойлер - это на востоке? - интересуется Мартин.\n   - На побережье к  северу.  Жилье  нефтяников  и  газовщиков.  Оттуда  -\nгазопровод и железная дорога к Городу. А в самый Ойлер лучше и не заходить\n- нефтеперегонная фабрика, жирные черные лужи. Вонь как на помойке.\n   Мы платим полтора франка за грязные соломенные шляпы  типа  сомбреро  и\nпокидаем этот пока единственный источник  информации  о  мире,  в  котором\nнеизвестно как и долго ли будем жить.\n   Улица круто сбегает к морю.  Видны  рыбацкие  парусники  у  причалов  и\nвысокая дамба, отделяющая  от  залива  устье  Реки.  Пыли  здесь  немного,\nморской ветер гонит ее вверх по улице, где за спиной у нас все еще дымятся\nпесчаные вихри. Почва влажнее, к  тому  же  укатана  экипажами  и  прибита\nсотнями лошадиных подков. Лошадей больше, чем жмущихся к стенкам прохожих.\nОдеты встречные по-разному:  парни  в  замасленных  штанах  и  куртках,  в\nстоптанных туфлях или босые,  а  кто  в  знакомых  уже  высоких,  до  икр,\nбашмаках; девчонки с  голыми  коленками,  с  отрезанными  или  оборванными\nподолами; католические священники в длинных черных  сутанах,  кое  у  кого\nподвязанных грубой пеньковой веревкой. Попадаются  и  другие  -  почище  и\nпобогаче, главным образом в экипажах, с достоинством выезжающие  из  тихих\nзамощенных переулков:  мужчины  в  цветных  сюртуках  и  узких  брюках  со\nштрипками, дамы в длинных, до туфель,  платьях,  кружевных  или  шелковых,\nотделанных бледно окрашенными кремовыми, розовыми и голубыми лентами.\n   На улицах торгуют пирогами и подозрительно мутной  -  должно  быть,  от\nсушеных яблок - водой.\n   Ничего не понимаю. Где мы? В какой стране, в каком веке?\n   - А может быть, здесь время идет не вперед, а назад? - говорит Мартин.\n   - Остришь?\n   - Пытаюсь.  Но  объяснение  все-таки  есть.  Мы  вот  с  тобой  коротко\nподстрижены, а ведь у нас уже многие стригутся как средневековые пажи.  Ты\nуверен, что года через два не будут носить цветных  париков?  Женщины  уже\nносят. Клеш возродился через полсотни лет, возродятся и штрипки. Кстати, и\nна Земле цилиндр еще из моды не вышел, и не только  черный.  Англичане  на\nскачки до сих пор приходят в серых цилиндрах. Здешних, может быть, тоже на\nстарину потянуло. А что касается ребят  в  грязных  штанах  и  широкополых\nшляпах, то вспомни - у американских ковбоев и фермеров мода уже сто лет не\nменяется. Почему же у этих должно быть иначе, если  они  здесь  с  лошади,\nнаверное, только пообедать слезают?'),
	(4,1,4,'   Мы медленно идем по  набережной  мимо  рыбацких  баркасов.  Грузчики  в\nмешковине, с деревянными крючьями на спине, перетаскивают на берег ящики с\nрыбой. На другом причале у парусного грузового суденышка такие же грузчики\nодин за другим волокут мешки не то с зерном, не то с  солью.  За  каменной\nоградой у речного причала прошлый век предстает перед  нами  в  еще  более\nхарактерном обличье. К причалу, видимо, только что пришвартовался  большой\nмарктвеновский пароход с двумя огромными колесами  по  бокам.  Надпись  на\nкруглой корме гласит: \"ГЕКЛЬБЕРРИ ФИНН\".\n   Я уже совсем ничего не понимаю.\n   - Тут и понимать нечего, - приходит на помощь Мартин.  -  Смоделировали\nони Сэнд-Сити? Смоделировали. Была в Сэнд-Сити книжная лавка? Была. Была в\nней марк-твеновская книжка? Тоже была.  Наверняка.  Вот  тебе  и  название\nпарохода. Скажешь: такие только в девятнадцатом веке по Миссисипи  ходили?\nА какие здесь  построишь?  Для  \"Квин  Мэри\"  индустриальная  база  нужна.\nСовременные верфи.\n   Пытаюсь возражать:\n   - У них же Би-центр был. Тоже, наверное, помнишь. Там не только  речной\n- космический корабль построить можно.\n   - Ты уверен, что Би-центр уцелел?\n   Я ни в чем не уверен. Может быть, здесь уже нет ни Би-центра, ни других\nчудес. Может быть, оставленный без опеки,  этот  мирок  жил  и  развивался\nпо-своему и еще не родил ни своих Эдисонов, ни своих Туполевых.\n   Но гадать не приходится. К нам подходит  мужчина  в  синей  замурзанной\nкуртке  и  в  соломенной  шляпе.  Он  давно  стоял  поодаль,  наблюдая  за\nгрузчиками и приглядываясь исподтишка к нам.\n   - Видно, не здешние? - повторяет он вопрос продавца шляп.  -  Откуда  к\nнам - из Ойлера или Вудвилля?\n   - Из Города, - отвечает с достоинством Мартин.\n   - Работы в Городе не хватает?\n   - Скучно в одном месте.\n   - Могу на погрузку поставить. Крючья  получите,  -  говорит  человек  в\nсиней куртке.\n   - А платить сколько будете?\n   - Как всюду. По пятьдесят сантимов в час. За день работы пять франков.\n   - Что грузить? - интересуется Мартин.\n   - Может, рыбу,  может,  пшеницу.  На  серебро  не  поставлю.  Слитки  с\nрудников полицейские сами погрузят.\n   - Почему такой почет серебру? - смеется Мартин.\n   Человек в синей куртке сердито хмурится.\n   - \"Почет серебру\"! - укоризненно  повторяет  он.  -  Самый  драгоценный\nметалл. Украдешь слиток - в цилиндре будешь ходить.\n   Ходить в  цилиндрах  мы  не  собираемся,  красть  слитки  тоже.  Потому\nсоглашаемся на пять франков  в  день.  Надо  где-нибудь  добывать  деньги:\nполтинники, оставшиеся у Мартина, могут в  конце  концов  навлечь  на  нас\nнеприятности.\n   - А где здесь ночевку найти? - спрашивает Мартин.\n   - У старины Вильсона в  ресторации  \"Веселый  петух\"  есть  номера  для\nпостояльцев. Два шага отсюда, - говорит человек в синей куртке, несомненно\nдовольный. - Скажите, что Фляшон прислал. И ночевка и  выпивка  обеспечены\nдаже в кредит, если я поручился. Не задерживайтесь,  ребята:  пока  народу\nтам кот наплакал. - Он пожимает нам руки большой, как  лопата,  мозолистой\nлапой бывшего грузчика и удаляется не оглядываясь.\n'),
	(5,2,5,'<h2>2. \"ВЕСЕЛЫЙ ПЕТУХ\"</h2>\n   Ресторацию мы находим действительно в двух шагах на главной улице.  Над\nшироким крыльцом висит петух, вычеканенный из  меди,  тускло-золотистый  в\nлучах солнца. На крыльце лежат два детины, лица у них прикрыты ковбойскими\nшляпами. Их можно принять за мертвецов, но они только мертвецки пьяны.  Мы\nосторожно обходим лежащих и, толкнув дверь, попадаем в длинный  полутемный\nзал. Здесь полтора десятка столиков и стойка, обитая жестью.  Столы  почти\nвсе пусты, за исключением двух-трех, за  которыми  сидят  парни,  обросшие\nколючей щетиной или уже отрастившие лохматые бороды, и пьют что-то  темное\n- виски или пиво. На нас они не обращают  никакого  внимания.  Мы  на  них\nтоже. Не спеша подходим к стойке, где протирает бокалы далеким от  чистоты\nполотенцем лысый старик с недобрыми глазами.\n   - Два виски, - говорит  Мартин,  небрежно  бросая  на  жестяную  стойку\nмонетку в двадцать сантимов.\n   - Два виски требуешь, так и плати вдвое, - отвечает старик.\n   Мартин добавляет еще одну монетку. Так мы учимся здешнему счету.\n   - А как насчет ночлега, папаша? - спрашиваю я.\n   Старик долго глядит на нас, как бы оценивая нашу кредитоспособность.\n   - Есть комната с кроватью, - шепелявит он. - Больше трех человек лежать\nв кровати не разрешается.\n   - Нас только двое.\n   - Все одно - три франка, и деньги вперед.\n   - Мы от Фляшона, папаша.\n   Старик добреет, даже улыбается, открывая беззубые десны.\n   - Значит, завтра с утра на погрузку? Пароход пришел из Вудвилля,  знаю.\nЧто ж, можно подождать до расчета с Фляшоном. Ужинать будете?\n   Ужинаем молча, хотя поговорить есть о чем. Что мы знаем  о  мире,  куда\nзабросила нас судьба? Что пирожок стоит пять сантимов, а полбокала виски с\nтеплым лимонадом - двадцать? Что за десять часов работы мы получим по пять\nфранков, из которых три нужно отдать за квартиру? Да и вообще,  что  можно\nузнать об окружающем тебя мире, если целый день таскать на спине  мешки  с\nзерном или углем, а ночью спать без просыпа на гнилой соломе?\n   -  Хорошо  бы  уехать  отсюда  на  этом  марктвеновском  пароходике,  -\nрассуждает вслух Мартин. - Интересно, сколько стоит билет до Вудвилля?\n   - Посчитай еще железную дорогу от Вудвилля до Города.\n   - Ты думаешь все-таки добраться до Города?\n   - Не век же торчать в Сильвервилле.\n   - А кого мы будем искать в Городе? - вздыхает Мартин. - Может, кто  жив\nостался?\n   Утром мы находим Фляшона там, где видели его вчера.  Он  по-приятельски\nподмигивает нам, и минут через пять мы получаем всю экипировку грузчика  -\nмешок из дерюги с дырками для головы и рук и пару  деревянных  крючьев  на\nспину.\n   - Ну а теперь на речной причал. Сейчас начнется погрузка,  -  командует\nФляшон. Ни имен наших, ни фамилий  он  не  записывает:  должно  быть,  при\nрасчете это не имеет значения.\n   Мы становимся в цепь грузчиков к длинным штабелям мешков с пшеницей.  В\nкаждом мешке не меньше сорока килограммов.  С  трудом  взваливаем  его  на\nспину, помогая друг  другу.  Так  же  делают  и  соседи.  Потом  движемся,\nсогнувшись, по деревянным сходням к трюму на нижней палубе парохода.  Трюм\nнеглубок. Мешки складываем внизу под наблюдением кого-то  из  команды.  Не\nслышно ни шуток, ни смеха, ни ругани - все работают молча, только  кряхтят\nи тяжело дышат. Мартину, идущему впереди, легче, чем мне, - он сильнее,  а\nя через час начинаю задыхаться, нет сил взвалить мешок на крючья,  вот-вот\nупаду. Сзади советуют дружески: \"Обожди чуток, пропусти цепь,  отдохни.  С\nнепривычки всегда трудно, потом втянешься\". Но я  понимаю,  что  лучше  не\nбудет, десять часов не вытяну.'),
	(6,2,6,'   Через два часа, когда объявляют перекур, валюсь  на  мешки  полутрупом.\nНаши соседи. Пит и Луи, угощают нас самодельными, скрученными из табачного\nлиста сигарами. Оба они студенты из  Города,  приехали  сюда  на  каникулы\nподработать. Живут в порту у сторожа, где платят вдвое меньше,  чем  мы  у\nВильсона. Ухитряемся откладывать по три франка в день, сейчас уже накопили\nпо шесть десять на брата. Они рассказывают, что в первые два дня  чуть  не\nзагнулись, даже пяти часов не вынесли, только по два франка и получили. Не\nнадо слишком сгибаться, - советует Луи, - пусть груз ложится  на  плечи  и\nкрючья. Я следую его совету, и мне чуть легче.  До  второго  перекура  еле\nдержусь, но мешок уже с ног не валит. Утираем пот и обмениваемся  улыбками\nс Луи и Питом.\n   - Выдержали?\n   - Как видите.\n   - Я говорил: не сгибайтесь. Мешок не так прижимает.\n   - Зато память отшибло.\n   Луи не понимает.\n   - А что забыл?\n   - Все. И год, и месяц, и день. Помоги вспомнить.\n   - Серьезно?\n   - Вполне серьезно. Подскажи.\n   - Год шестьдесят первый. Четырнадцатое июля. Пятница. Неужели забыл?\n   - Смешно, правда? Даже имя забыл. Только сейчас и вспомнил. Я Жорж Ано,\nа он, - я указываю на Мартина, - Дональд Мартин или просто Дон.\n   - А мы - Луи Ренье и Пит Селби. Кончаем политехничку.\n   Все время молчавший Пит кивком подтверждает слова товарища.\n   - Ты немой? - шучу я.\n   - Все здесь так думают. Просто болтовни не люблю. А вы неплохие ребята.\nДаже расставаться жаль.\n   - Почему расставаться?\n   - В воскресенье уезжаем, - поясняет Луи. -  На  \"Гекльберри  Финне\".  В\nГороде к выборам работа найдется.\n   Я не успел спросить, что за выборы, как Луи продолжил:\n   - Разыщите нас - поможем. Найти  легче  легкого.  Американский  сектор,\nСэнд-стрит, общежитие политехнички. А сейчас к мешкам:  Фляшон  уже  машет\nруками.\n   Передышка окончена. Снова мешки тяжело пригибают к земле, ломит  плечи,\nтрудно дышать. Часа два, может, еще выдержим, но больше не вытянем. Фляшон\nсам  отправляет  нас  восвояси:  \"На  сегодня  хватит,  иначе  завтра   не\nвстанете\". И платит каждому по три франка. Мартин  угрюмо  молчит,  а  мне\nдаже весело: на целый франк в первый же день Пита и Луи переплюнули.\n   Вечером   расплачиваемся   с   Вильсоном,   мгновенно   подобревшим   и\nрасплывшимся в улыбке. Даже лысина его, кажется, сияет ярче. Нас заботливо\nприглашают к столу и  вместо  холодных  котлет  подают  жаркое  из  свиной\nтушенки с бобами. \"По заказчикам и заказ\", - повторяет хозяин.  Но  мне  и\nтакого изобилия мало: надо восстанавливать силы, и я тут же заказываю  еще\nодну порцию жаркого и пива.\n   - Жаль только, что Луи и Пит уезжают, - говорю  я.  -  Теряем  надежный\nисточник информации.\n   - И надежных друзей, - добавляет Мартин.'),
	(7,2,7,'   Ресторация  постепенно  заполняется,  вскоре  все  столы  уже   заняты.\nПортовики и матросы в тельняшках, усатые парни в соломенных, как и у  нас,\nсомбреро, фермеры в грязных широкополых шляпах, женщины с белыми от густой\nпудры лицами. Из соседней комнаты доносится стук бильярдных шаров,  чей-то\nсмех и возгласы: \"Пять\", \"Десять\", \"Плюс десять\", \"Отвечаю\".  Похоже,  там\nидет игра.\n   Мартин лениво встает.\n   - Подожди минутку. Пойду взгляну.\n   Третий стул за нашим столом пуст, к нему подходит худощавый человек лет\nсорока в синем сюртуке и цилиндре, с вьющейся бородкой, как у  голландских\nматросов.\n   - Место свободно? - спрашивает он.\n   Я равнодушно киваю, не замечая,  что  все  кругом  за  столиками  сняли\nшляпы.\n   - Вы, наверно, новичок в Сильвервилле? - Незнакомец садится напротив.\n   - Допустим, - отвечаю я.\n   - И меня, конечно, не знаете?\n   - Нет.\n   - Тогда прошу вас не удивляться тому, что сейчас последует.\n   Хозяин не успевает подать ему бутылку пива, как раздается выстрел и мое\nпростреленное сомбреро слетает на пол. Стрелял верзила с нависшей  на  лоб\nчелкой, сидящий метрах в пяти от меня. Я подымаю с  пола  шляпу  и  говорю\nсоседу:\n   - Ну и нравы у вас в Сильвервилле!\n   - Просто люди привыкли, что в моем присутствии снимают шляпу. Я  бывший\nшериф на серебряных рудниках.\n   - То, что вы шериф и тем более бывший, мне безразлично.  Я  не  нарушаю\nзаконов. Жаль только, оружия у меня нет.\n   - А зачем? - улыбается он. - Что бы вы сделали?\n   - Наказал бы этого громилу.\n   - Каким образом? Он же сидит без шляпы.\n   - Но с бутылкой.\n   Бывший шериф любезно протягивает мне пистолет, очень похожий на  земной\n\"вальтер\".\n   - Стреляйте. Он заряжен. Только если вы убьете или раните  кого-нибудь,\nвас тут же повесят, прямо на улице.\n   Я беру пистолет. Позади верзилы с челкой виден пустой угол зала и косяк\nвходной двери: пуля наверняка никого не заденет, если  стрелять  метко,  а\nстрелять я умею, золотые медали имел. Не долго думая нажимаю на  спусковой\nкрючок. Бутылка со звоном разлетается на куски, обливая верзилу  остатками\nпива.\n   - Молодец! - одобряет сосед. - Отлично стреляете. Профессионал?\n   - Скорее, любитель. Охотник. Жорж Ано.  Сейчас  работаю  на  причале  у\nФляшона.\n   -  Тебе  придется  самому  платить  за  разбитую  бутылку,  Пасква,   -\nоборачивается бывший шериф к подскочившему верзиле с челкой, - научись  не\nпроявлять самодеятельности до моего приказа.\n   Верзила, не взглянув на меня, почтительно отступает.\n   - А вы стоите больше, мсье Ано. Это я вам  говорю,  Тур  Мердок,  глава\nпартии \"реставраторов\". Правда, пока еще не легализованной.'),
	(8,2,8,'   - Крайне сожалею, но ни я, ни мой  друг,  который  сейчас  находится  в\nсоседнем зале, не интересуемся политикой и совсем не разбираемся в  борьбе\nполитических партий. Возьмите ваш пистолет, мсье или мистер Мердок. - И  я\nотдаю оружие собеседнику.\n   Он приподымает цилиндр, чуть склонив голову.\n   - А мне это даже нравится, мсье Ано. Разыщите меня в Городе. Я придумаю\nдля вас что-нибудь получше Фляшона.\n   Мой сосед встает и, бросив на стол горсть мелочи, идет к выходу. Мартин\nвозвращается тут же, глядя ему вслед.\n   - Кто это?\n   -  Некий  Тур  Мердок.  Кажется,  очень  полезное   знакомство.   Глава\nполитической партии.\n   - Здесь, в Сильвервилле?\n   - Нет, в Городе.\n   - Порядок! - смеется Мартин. - Значит, пора ехать в Город.\n   - На твою  сдачу  от  пирожков?  А  дальше?  Будем  откладывать  даяния\nФляшона?\n   - Мы не вернемся к Фляшону. У нас с  тобой  уже  пятьсот  франков  плюс\nостаток после покупки пирожков и двух шляп.\n   - Играл?\n   - Да как!\n   И Мартин живописует историю еще более неожиданную, чем мое знакомство с\nМердоком.\n   В игорном зальчике, куда он зашел, было дымно и шумно. Мартин посмотрел\nкарамболь на бильярде, постоял возле  покеристов,  посчитал,  сколько  раз\nвыпадает пятерка в игре в кости,  и  пошел  к  разменной  кассе  вслед  за\nкаким-то фермером в  кожаной  куртке,  от  которой  пахло  коровником  или\nконюшней. Фермер бросил в окошечко на стол серебряную  монету  в  двадцать\nпять франков, достаточно уже истертую. Кассир, не  вглядываясь  в  монету,\nсмахнул ее лопаточкой в кассу. \"Пять по пяти\",  -  сказал  фермер.  Мартин\nтотчас вспомнил ошибку пирожника: тот тоже не разглядывал знакомую ему  по\nразмеру и весу монету. И Дональд решил рискнуть: заметит или  не  заметит?\nЕсли заметит, можно выкрутиться, сославшись на  то,  что  сам  получил  ее\nгде-нибудь, извиниться и заменить серебряной мелочью.  Так  он  и  сделал.\nНебрежно бросил на стол два полтинника, побывавшие до  этого  на  Земле  в\nсотнях рук, так что на них  при  беглом  взгляде  трудно  было  разглядеть\nкакое-либо изображение, и сказал: \"Мне столько же плюс еще  пять\".  Кассир\nне глядя смахнул деньги в кассу и отсчитал Мартину десять  зеленых  фишек.\nОблегченно вздохнув, Мартин уже смело подошел к  покеристам,  игравшим  не\nкрупно, а скорее прижимисто. Один из них уступил ему  свое  место.  Мартин\nиграл, все увеличивая ставки, выиграл пятьсот с лишним франков и встал. \"С\nменя хватит, ребята\", - сказал он.\n   - А если б ты на шулеров налетел? - спрашиваю я.\n   - Бросил бы после второго или третьего  проигрыша.  Ведь  начали-то  по\nмаленькой. Не пошла бы карта, значит, не пошла. Да и ребята на шулеров  не\nпохожи. Либо старатели с рудников, либо здешние скотоводы.\n   - Что будем делать?\n   Мартин загадочно усмехнулся.'),
	(9,3,9,'<h2>3. \"ГЕКЛЬБЕРРИ ФИНН\"</h2>\n   В воскресенье в десять утра по местному времени мы  с  Доном,  стоя  на\nсамой высокопоставленной в буквальном  и  переносном  смысле  пассажирской\nпалубе парохода, молча наблюдали церемонию отплытия. Она такая же, как и в\nлюбом порту. Чьи-то проворные руки снимают  канаты,  которыми  подтянут  к\nпричалу пароход, плеск  воды  у  ватерлинии  -  здесь  он  еще  громче  от\nвзбивающих воду лопастей двух огромных бортовых колес, пассажирская толчея\nна палубе, провожающие на причале, возгласы на английском и французском  -\nи вот уже пароход поворачивается боком к берегу...\n   Мы с Мартином приоделись специально  для  \"высокопоставленной\"  палубы:\nДон - в новенькой клетчатой куртке, с  красным  платком  на  шее,  я  -  в\nскромном синем сюртуке и светло-сером цилиндре  с  твердыми,  как  железо,\nполями. Ничего, кроме каюты первого класса, мы достать не смогли: второй и\nтретий были проданы, оказывается, еще накануне.\n   Ключи нам выдал стюард, не очень уважительно  нас  встретивший:  должно\nбыть,   наше   новое   платье   все   же   недостаточно    соответствовало\n\"высокопоставленной\" палубе парохода. Да и багажа у нас не было,  так  что\nне знаю, за кого он нас принял: за гастролирующих шулеров или охотников до\nсеребряных слитков, только вчера погруженных в трюм  парохода.  Мы  видели\nэту погрузку. Полицейские с автоматами выстроились на  причале  вплоть  до\nбортовых дверей трюма. Другие полицейские,  без  оружия,  тащили  один  за\nдругим  небольшие,  но,  надо  полагать,  не  легкие  ящики  со  слитками.\nПолицейских было много. Своими зелеными мундирами, строгой  выправкой  они\nскорее походили на солдат, а четкости их движений могли позавидовать  даже\nпрофессиональные грузчики.\n   Сейчас полиции на пароходе не видно, но поскольку на  кормовую  палубу,\nгде находится верхний люк \"серебряного\" трюма, никого не пускают,  значит,\nвсе они там.\n   Я иду к корме. Рыжий матрос в тельняшке преграждает мне  путь:  \"Дальше\nнельзя. Запрещено\". Покорно бреду назад вдоль борта, рассматривая гуляющих\nпассажиров. Женщины - в длинных шелковых платьях и  соломенных  капорах  с\nцветными бантами у подбородка, мужчины -  в  аккуратных,  как  у  Мартина,\nкурточках или цветных камзолах, как у меня, только  из  лучшей  материи  и\nлучше сшитых. На ногах или узкие шевровые ботинки, или длинные шнурованные\nбашмаки, какие до сих пор носят в Канаде и северных штатах Америки. Старый\nджентльмен,  прогуливающийся  с  красивой  девушкой  в   голубом   платье,\nпосмотрел на меня слишком внимательно. Я даже оглянулся, заинтересованный.\nОглянулся и он, взгляды наши встретились. \"Вероятно,  сбит  с  толку  моим\nсходством с каким-то своим знакомым\", - подумал я.\n   Мартина нахожу в каюте. Он  лежит  на  койке  и  дымит  сигаретой  явно\nместного производства.  Я  осматриваю  каюту.  Древняя  обивка  -  вот-вот\nрассыплется шелк, древние, хотя  и  начищенные  до  блеска  медные  ручки,\nистертый коврик под ногами.\n   - Давненько существует старина \"Гек\", - сочувственно говорю я.\n   - У них есть и винтовые суда, - откликается Мартин. - Ходят до Ойлера и\nкаких-то островов в океане.  Кое-кто  рисковал  уплыть  и  дальше,  но  не\nвернулся. Другие вернулись, не обнаружив других континентов. Здешние карты\nизображают Город как единственное государство одного материка, окруженного\nокеаном. Кстати, Городом называют и столицу и все государство.\n   Может быть, это действительно так, но откуда Мартин знает об этом?'),
	(10,3,10,'   - От корабельного механика, - охотно поясняет он. - Познакомился с  ним\nв баре. Я прикинулся человеком, не постигшим  основ  науки  и  техники.  В\nГороде таких много - школ  не  хватает.  Оказывается,  здесь  и  двигатель\nвнутреннего  сгорания  открыли,  только  автомобили  делают  кустарно,   в\nмаленьких мастерских, как у нас некоторые гоночные машины.  Чертовски  они\nдороги - я о здешних говорю, - только миллионеры и покупают.\n   - Значит, и миллионеры есть?\n   - Говорит, есть.\n   - Все-таки шагнули вперед за полсотни лет.\n   - Даже бипланы строят, как братья Райт. Тут, пожалуй, и  мне  работенка\nнайдется - как-никак бывший летчик.\n   Стук в дверь - стюард вежливо приглашает нас к обеду.\n   В кают-компании так же шумно и пестро, как и  на  палубе.  Официанты  в\nбелых сюртуках, похожие на санитаров в больничных халатах, принимают у нас\nи у соседей заказы. Кормят отлично. Румяный бифштекс с поджаренным,  мелко\nнастриженным луком, рыба под белым  соусом,  розовое  терпкое  сухое  вино\n\"Эдем\".\n   Два  места  за  нашим  столом  свободны.  Рядом   останавливается   уже\nпримстившийся мне седой джентльмен  с  белокурой  девушкой.  Случайно  или\nнарочно?\n   - Не разрешите ли присоединиться к вам старику с дамой?\n   Мартин, даже не взглянув на меня, вскакивает, предлагая девушке стул.\n   - Будем только рады, мадемуазель.\n   - Мисс, - поправляет она. - Мисс Стил или просто Минни. А это мой дядя,\nсенатор Стил. -  Последние  слова  она  произносит  подчеркнуто,  вероятно\nполагая, что они не могут не произвести впечатления.\n   Но ни фамилия, ни положение сенатора в первый момент не вызывают у меня\nинтереса. Я встаю и любезно кланяюсь элегантному старцу.\n   - К вашим услугам, сенатор. Жорж Ано.\n   - Дональд Мартин, - вслед за мной представляется Дон.\n   Разительная перемена происходит вдруг со спокойным сенатором.  Он  весь\nкак бы освещается изнутри.\n   - Я так и думал, джентльмены! Вы оба дети или внуки моих старых друзей.\nСовсем как они в молодости - так похожи! И даже имена те же. А ведь с  Ано\nи Мартином мы были в  подполье  и  вместе  освобождали  Город  от  тирании\nКорсона Бойла. Только потом они куда-то исчезли. Куда? -  И  он  задумчиво\nдобавляет после минутной паузы: - Так же странно и непонятно исчезли,  как\nи появились у нас.\n   Вот эта пауза и помогла мне сымпровизировать ответ. Признаться,  сперва\nя растерялся.  Ведь  то  был  Джемс  Стил,  первый  человек,  которого  мы\nвстретили пятьдесят лет назад в этом мире, тогда еще двадцатилетний юноша,\nдобрый и верный товарищ.  Но  не  мог  же  я  сразу  сказать  ему  правду.\nТребовалось время, уединение,  взаимное  доверие,  взаимное  понимание  и,\nглавное, воображение для того, чтобы поверить, чтобы попытаться  осмыслить\nнепостижимое. И я нашелся.\n   - Вы не ошиблись, сенатор, но боюсь, что объяснить  все  сейчас  мы  не\nсможем. Это не застольная беседа. Лучше мы с вами встретимся после  обеда,\nскажем, вдвоем. И я расскажу вам, что знаю. Устраивает?'),
	(11,3,11,'   Сенатор немного рассеянно заказывает обед. Мартин  тактично  предлагает\nтост \"за прекрасную амазонку\",  девушка  краснеет,  сенатор  улыбается,  и\nопасный момент объяснения счастливо откладывается.\n   - В Город? - спрашивает сенатор, поглаживая вьющуюся седую бородку.\n   - В Город, сенатор.\n   - Дела?\n   - Пожалуй. В связи с ними у  меня  к  вам  вопрос,  -  пользуюсь  новой\nвозможностью отвлечь старика от воспоминаний.  -  Мы  с  Доном  далеки  от\nполитики. Так уж случилось - не знаем ни партий, ни их вождей.  А  вы  нам\nкое-что наверняка сможете объяснить.\n   - Например?\n   - Кто такой Тур Мердок?\n   - Тур Мердок? - удивленно повторяет  Стил.  -  Вас  он  интересует  как\nличность или как политическая фигура?\n   -  И  то  и  другое.  Я  познакомился  с  ним  в  кабачке  Вильсона   в\nСильвервилле.\n   Рассказываю историю своего знакомства с Мердоком.\n   - Значит, одним выстрелом разбили бутылку? - смеется сенатор. -  А  что\nже сказал Тур Мердок?\n   - Он предложил  бродяге  прекратить  самодеятельность,  и,  представьте\nсебе, этот громила отступил, как побитая собачонка.\n   - Подобных собачонок у  Мердока  -  десятки  тысяч.  И  это  не  просто\nразбойничьи шайки, хотя и таких  у  него  немало,  -  это  костяк  будущей\nпартии. К счастью, еще не легализованной.\n   - Какой партии? - спрашиваю я.\n   - Реставраторов свергнутого нами полицейского государства.\n   Мне смешно.\n   - Он и не родился еще в то время... Что он знает о нем?\n   - Есть свидетельства очевидцев. Мердок умный  и  образованный  человек.\nБывший шериф на серебряных рудниках. Шериф жесткий и  требовательный.  Его\nзаметили,  пригрели  и  даже  предложили  какой-то  пост   в   руководстве\nрудниками. Но он  вышел  в  отставку  и  занялся  политикой.  Сначала  был\n\"популистом\", как и мы, потом откололся: наш демократизм его не устраивал.\nДля партии \"джентльменов\" у него не было ни состояния, ни  положения,  вот\nон и попробовал основать третью партию, еще правее. Крупным  собственникам\nобещал снижение налогов, мелким - расширение торговли и земельных  угодий,\nбродягам и неимущим - свободное освоение новых земель. Наша страна, как вы\nзнаете, огромна и необжита, но все новое, что  вы  откроете  и  захватите,\nбудь то земля или участки рыбачьих  и  охотничьих  промыслов,  вы  обязаны\nоплатить государству - это доход и прибыль казны.  Мердок  требует  отмены\nзакона. Никаких доходов казне! На открываемых новых  землях  каждый  волен\nзахватить столько, сколько сумеет обработать и обжить. По  идее,  неплохо.\nНо аграрный миллионщик может захватить и обработать в тысячи  раз  больше,\nчем фермер-сотенник. А ликвидация сената и единоличная диктатура освободят\nМердока от любых обещаний.\n   - На что же он рассчитывает?\n   - На сенатские выборы. Но по нашим законам  кандидатов  в  сенат  имеет\nправо выставить только легализованная партия. Юридически  такой  партии  у\nнего нет. Билль о ее легализации мы провалили большинством голосов. А  для\nвоенного путча у Мердока еще мало силенок.'),
	(12,3,12,'   - Господи, как скучно! - восклицает белокурая соседка Мартина. - Вы все\nо политике... Мистер Мартин слушает, а я скучаю.\n   Мартин мгновенно находится:\n   - Может быть, мы с вами пока посидим на палубе?\n   - Конечно, погуляйте,  -  поддерживает  его  сенатор,  -  а  мы  с  Ано\nпродолжим наш разговор.\n   - Он обещает быть долгим, - говорю я.\n   - Тем лучше.\n   Мартин с племянницей Стила уходят. Мы в  столовой  почти  одни.  Только\nкое-где официанты убирают посуду.\n   - Не удивляйтесь, сенатор, - перехожу я к решительному объяснению. -  Я\nмог бы даже сказать: не удивляйтесь, Джемс. Перед вами не сын Жоржа Ано, а\nтот самый Ано, который боролся бок о бок с вами против  Корсона  Бойла.  Я\nмогу напомнить все подробности наших встреч, начиная  с  первой  на  Реке,\nкогда вы подстрелили из арбалета черную птицу. И последнюю, когда из  того\nже арбалета вы пустили зажженную стрелу в ложу Корсона Бойла.  Вы  знаете,\nоткуда мы тогда пришли. И сейчас мы оттуда - с Земли.\n   Сказать, что сенатор удивлен, значит, ничего не сказать -  он  потрясен\nдо немоты.\n   - Но ведь прошло уже пятьдесят лет, а вы... вы все тот же, - шепчет он.\n   - На Земле другое время, Стил. Другое его течение. У вас проходит  год,\nу нас - месяц. Да и этот подсчет приблизителен. Не знаем мы и того,  какая\nсила перебрасывает нас на вашу планету. Несколько дней назад мы с Мартином\nбыли еще на Земле, а сейчас плывем с вами на  \"Гекльберри  Финне\".  Трудно\nповерить.\n   - У нас не изучают латынь, - тихо говорит сенатор,  -  не  знают  этого\nязыка. Но отец знал. И я запомнил слова, которые он сказал мне,  когда  вы\nпоявились у нас впервые: \"Кредо квиа абсурдум\", и перевел:  \"Верю,  потому\nчто это бессмыслица\".\n   Я смотрю на постаревшее лицо Джемса, на незнакомую вьющуюся бородку, на\nседые, зачесанные назад волосы и только по каким-то  неуловимым  признакам\nузнаю старого друга.\n   - Надолго к нам? - спрашивает он.\n   - Все зависит от того, с какой целью  мы  опять  переброшены.  В  любом\nслучае я хочу выяснить, как изменился ваш мир. Уже то,  что  мы  видели  в\nСильвервилле, говорит о многом. О другой жизни, другой  экономике,  других\nтрадициях, других нравах.\n   - Сильвервилль - это окраина, Ано.\n   - Тогда и его не было.\n   - Многого не было. И нефти, и серебряных рудников. И не ловили тунца  в\nокеане. Не разводили скот. Не было  ни  боен,  ни  холодильников.  -  Стил\nзадумчиво перебирает пальцами и  вдруг  сжимает  их  в  кулак.  -  Мы  уже\nстарики,  третье  поколение  переживает  зрелость,  а  четвертое  начинает\nрастить детей. Кого интересует сейчас легенда о прародительнице Земле,  от\nкоторой мы якобы оторвались? Только авторов школьных учебников.\n   Я вспоминаю наш первый разговор пятьдесят лет назад по здешнему  счету.\n\"Вы говорите по-английски и по-французски. А слыхали о таких государствах,\nкак Англия и Франция?\" - \"Нет\".  -  \"А  о  частях  света,  о  материках  и\nокеанах?\" Джемс и Люк, его брат, непонимающе смотрели на нас. \"Вы в  школе\nучились?\" - \"Конечно\",  -  хором  ответили  оба.  \"Есть  такой  предмет  -\nгеография\", - сказал я. \"Нет такого  предмета\",  -  перебил  Люк.  \"Что-то\nбыло, - остановил его брат, - что-то  рассказывали  нам  о  мире,  где  мы\nживем. Кажется, это называлось географией, потом ее запретили\".'),
	(13,3,13,'   - Значит, воскресили все-таки географию? - спрашиваю я не без ехидства.\n   - Давно, - говорит Стил. - На стапелях Ойлера  строятся  морские  суда.\nУже удалось обойти вдоль берегов весь наш  континент.  А  вот  по  суше  к\nграницам его еще не добрались. На  севере  и  северо-востоке  непроходимые\nлеса. Природа не меняется. Меняются люди.\n   - Странно у вас теперь одеваются, - замечаю я.\n   - Каприз моды. Разве  у  вас  она  не  изменчива?  Лет  двадцать  назад\nкакой-то художник изобразил людей в цветных камзолах и  шляпах  с  высоким\nверхом. С тех пор и пошло. Хотя молодежь у нас предпочитает незамысловатые\nштаны и куртки. Ну а мастеровым и фермерам просто нельзя иначе.\n   - Фермерам? - переспрашиваю я. - Когда-то их называли \"дикими\"?\n   - \"Диких\" давно нет. Они прародители нашего  сельского  хозяйства.  Кто\nсейчас кормит Город? Фермеры и ранчмены.\n   И Стил подтвердил то, что мы  с  Мартином  уже  сами  поняли.  \"Облака\"\nуничтожили искусственное  снабжение  Города.  Технологический  управляющий\nцентр исчез неизвестно куда,  от  продовольственного  континуума  остались\nлишь скотоводческая ферма и  склад  семенного  зерна.  Пришлось  сразу  же\nввести продовольственные карточки, а \"дикие\"  стали  первыми  поставщиками\nхлеба, рыбы и мяса. Но и они не смогли предотвратить беды. Начался  голод.\nБыл обнародован закон, поощрявший охоту и рыболовство, а  также  обработку\nземельных участков в новооткрытых районах.  Тысячи  людей  устремились  из\nГорода на реку и в прилегающие леса. Одно за другим  возникали  фермерские\nхозяйства  и  скотоводческие  ранчо,  конные  заводы  и  рыбные  промыслы.\nНеобычайно вырос меновой  рынок,  где  обменивали  на  продукты  все,  что\nугодно. Многие не перенесли голода, многие погибли,  не  сумев  преодолеть\nтрудностей на новых землях. Но Город оживал, он  уже  мог  сам  прокормить\nсебя.\n   Вечером в каюте я повторяю Мартину рассказ Стила.\n   - А мы при чем? Зачем мы здесь? - спрашивает Мартин.\n   Дверь открывается без стука - может, и был стук, да мы не слышали, -  и\nв каюту входит... Тур Мердок. Он в том же костюме,  только  без  цилиндра.\nВолосы у него черные с серебряной проседью.\n   - На последний вопрос могу ответить я, - говорит он. - Вы  кричали  так\nгромко, что было слышно сквозь полуоткрытую дверь. Вы здесь,  джентльмены,\nдля того, чтобы помочь мне, ну а я для того, чтобы помочь вам.\n   Мы с Мартином не находим слов для ответа. Мы просто ждем, глупо  моргая\nглазами. А Мердок, садясь на край нижней койки, спокойно продолжает:\n   - Кто вы, я  знаю.  Прочел  ваши  имена  в  регистрационной  книге  для\nпассажиров, кроме того, с мсье Ано я познакомился лично, а  мистер  Мартин\nвидел меня в ресторации Вильсона,  когда  выходил  из  игорного  зала.  Вы\nзаписались как  путешественники,  но  я  бы  чуть-чуть  поправил:  скажем,\nискатели приключений. Вас это не обижает, надеюсь. Ведь путь от  грузового\nпричала к верхней палубе \"Гекльберри  Финна\"  не  так  уж  короток,  чтобы\nрядовой путешественник проделал его за два дня. Так вот,  у  меня  к  вам,\nджентльмены, два предложения. Первое - на будущее, второе - только на  эту\nночь.\n   - Что же вы предлагаете? - спрашиваю я.\n   - На будущее? Участие в моих делах за достойное вас вознаграждение.\n   - В каких делах? - перебиваю я.  -  Может  быть,  в  тех,  для  которых\nиспользуется мистер Пасква?'),
	(14,3,14,'   Мердок улыбается, ничуть не смущенный.\n   - У Пасквы свои обязанности и свой круг  знакомых.  А  вас  я  видел  в\nобществе сенатора Стила. И разговор, судя по всему, был деловым и  добрым.\nВот это меня и привлекает.\n   - Могу ли узнать почему, мистер Мердок?\n   - Вполне, мсье Ано. Чем ближе вы или мистер Мартин  -  его  я,  кстати,\nвидел на палубе вместе с племянницей сенатора, и беседа, как мне  кажется,\nтакже была достаточно дружеской...\n   В глазах у Мартина злость - вот-вот прорвется, я незаметно наступаю ему\nна ногу, но Тур Мердок опережает:\n   - Дайте закончить, мистер Мартин, я не  хотел  вас  обидеть.  Я  просто\nпредполагаю, что знакомство мсье Ано и ваше с  сенатором  может  быть  еще\nближе... И  чем  ближе  -  тем  нужнее  вы  будете  для  меня.  О  деталях\nдоговоримся в Городе - я сумею вас разыскать. Итак, ваш ответ?\n   - Подумаем, - говорю я.\n   - Надеюсь, что без участия сенатора Стила?\n   - Допустим.\n   - Теперь о предложении на эту ночь. Если услышите  шум  на  палубе  или\nдаже выстрелы, не выходите из каюты. Учтите, что ни сенатору Стилу, ни его\nплемяннице ничто не грозит.\n   - А кому грозит? - хмурится  Мартин.  Он  явно  недоволен  и  не  хочет\nскрывать этого.\n   Но Мердок по-прежнему улыбается.\n   - Не будьте так любопытны, мистер Мартин. Я лично  никому  и  ничем  не\nугрожаю. Я просто кое-что знаю, о чем вам и  сообщу,  когда  все  стихнет.\nЕсли вы не возражаете, считайте, что с сегодняшнего вечера вы  у  меня  на\nслужбе. - Он встает и, открывая дверь в коридор, заканчивает: - До встречи\nночью.'),
	(17,4,1,'<h2>1. КАТАСТРОФА</h2>\n   Снег был пушистым и добрым, совсем не похожим на жесткий,  как  наждак,\nкристаллический  фирн  полярной  пустыни.  Антарктическое  лето,   мягкий,\nвеселый морозец, который даже уши не  щиплет,  создавали  атмосферу  почти\nтуристской прогулки. Там, где зимой даже лыжи самолета не могли оторваться\nот переохлажденных кристалликов  снега,  наш  тридцатипятитонный  снегоход\nшел,  как  \"Волга\"  по  московскому  кольцевому  шоссе.  Вано  вел  машину\nартистически,  не  притормаживая  даже  при  виде  подозрительных  ледяных\nкурчавостей.\n   - Без лихачества, Вано, - окликнул его Зернов из  соседней  штурманской\nрубки. - Могут быть трещины.\n   - Где, дорогой?  -  недоверчиво  отозвался  Вано,  всматриваясь  сквозь\nчерные очки  в  поток  ослепительного  сияния,  струившийся  в  кабину  из\nветрового иллюминатора. - Разве это дорога? Это проспект Руставели,  а  не\nдорога. Сомневаетесь? В Тбилиси не были? Все ясно. Мне тоже.\n   Я вылез из радиорубки и подсел на откидной стульчик к Вано. И почему-то\nоглянулся на столик в салоне, где подводил какие-то свои метеорологические\nитоги Толька Дьячук. Не надо было оглядываться.\n   - Мы присутствуем  при  рождении  нового  шофера-любителя,  -  противно\nхихикнул он. - Сейчас кинолог будет просить руль у Вано.\n   - А ты знаешь, что такое кинолог? - огрызнулся я.\n   -  Я  только  научно  объединяю  твои  специальности  кинооператора   и\nкиномеханика.\n   - Идиот. Кинология - это собаковедение.\n   - Тогда я исправляю терминологическую ошибку.\n   И, поскольку я не ответил, он тотчас же продолжил:\n   - Тщеславие тебя погубит, Юрочка. Двух профессий ему уже мало.\n   Каждый из нас  в  экспедиции  совмещал  две,  а  то  и  три  профессии.\nГляциолог по основной  специальности,  Зернов  мог  заменить  геофизика  и\nсейсмолога. Толька объединял обязанности метеоролога,  фельдшера  и  кока.\nВано был  автомехаником  и  водителем  специально  сконструированного  для\nЗаполярья снегохода-гиганта да  еще  умел  починить  все  -  от  лопнувшей\nгусеницы  до  перегоревшей  электроплитки.  А  на  моем  попечении,  кроме\nсъемочной и проекционной камер, была еще и  радиорубка.  Но  к  Вано  меня\nтянуло не  тщеславное  желание  увеличить  ассортимент  специальностей,  а\nвлюбленность в его \"Харьковчанку\".\n   При первом знакомстве с ней с борта самолета она показалась мне красным\nдраконом из детской сказки, а вблизи, с ее  выдающимися  вперед  в  добрый\nметр     шириной     лапами-гусеницами     и     огромными     квадратными\nглазами-иллюминаторами,  созданием  чужого,  инопланетного  мира.  Я  умел\nводить легковую  машину  и  тяжелый  грузовик  и  с  разрешения  Вано  уже\nопробовал снегоход на ледяном припае у Мирного, а вчера  в  экспедиции  не\nрискнул: день был хмурый и ветреный. Но  сегодняшнее  утро  так  и  манило\nсвоей хрустальной прозрачностью.\n   - Уступи-ка руль, Вано, - сказал я, стиснув зубы и стараясь на этот раз\nне оглядываться. - На полчасика.'),
	(18,4,2,'   Вано уже подымался, как его остановил оклик Зернова:\n   -  Никаких  экспериментов  с  управлением.  Вы   отвечаете   за   любую\nнеисправность машины, Чохели. А вы, Анохин, наденьте очки.\n   Я тотчас же  повиновался:  Зернов  как  начальник  был  требователен  и\nнепреклонен, да и небезопасно было смотреть без защитных очков на  мириады\nискр, зажженных холодным солнцем на снежной равнине.  Только  у  горизонта\nона темнела, сливаясь с размытым ультрамарином неба, а вблизи даже  воздух\nказался сверкающе-белым.\n   -  Взгляните-ка  налево,  Анохин.  Лучше  в  бортовой  иллюминатор,   -\nпродолжал Зернов. - Вас ничто не смущает?\n   Налево метрах  в  пятидесяти  вздымалась  совершенно  отвесная  ледяная\nстена.  Она  была  выше  всех  известных  мне  зданий,  даже  нью-йоркские\nнебоскребы, пожалуй, не дотянулись  бы  до  ее  верхней  пушистой  каемки.\nБлестяще-переливчатая, как лента алмазной пыли,  она  темнела  книзу,  где\nслоистый, слежавшийся снег уже смерзался в мутноватый и  жесткий  фирн.  А\nеще ниже обрывалась высоченная  толща  льда,  будто  срезанная  гигантским\nножом и голубевшая на солнце, как отраженное в зеркале небо. Только  ветер\nвнизу  намел  двухметровым  длиннющим  сугробом  каемку  снега,  такую  же\nпушистую,  как  и  на  самом  верху  ледяной  стены.  Стена  эта  тянулась\nбесконечно и неотрывно, где-то пропадая в снежной дали. Казалось,  могучие\nвеликаны из сказки возвели  ее  здесь  для  неизвестно  что  охраняющей  и\nнеизвестно кому угрожающей такой же сказочной  крепости.  Впрочем,  лед  в\nАнтарктиде никого не удивит ни в  каких  очертаниях  и  формах.  Так  я  и\nответил Зернову, внутренне  недоумевая,  что  могло  заинтересовать  здесь\nгляциолога.\n   - Ледяное плато, Борис Аркадьевич. Может быть, шельфовый ледник?\n   - Старожил, - усмехнулся Зернов, намекая на мой уже вторичный  визит  к\nЮжному полюсу. - Вы знаете, что  такое  шельф?  Не  знаете?  Шельф  -  это\nматериковая отмель. Шельфовый ледник спускается в океан. А  это  не  обрыв\nледника, и мы  не  в  океане.  -  Он  помолчал  и  прибавил  задумчиво:  -\nОстановите, Вано. Посмотрим поближе. Интересный феномен. А  вы  оденьтесь,\nтоварищи. Не вздумайте выбегать в свитерах.\n   Вблизи стена оказалась еще красивее -  неправдоподобный  голубой  брус,\nломоть смерзшегося неба, отрезанный до горизонта.  Зернов  молчал.  То  ли\nвеличие  зрелища  подавляло  его,  то  ли  его  необъяснимость.  Он  долго\nвглядывался в снежную кайму на гребне стены, потом почему-то посмотрел под\nноги, притоптал снег, разбросал его ногой. Мы наблюдали за ним, ничего  не\nпонимая.\n   - Обратите-ка внимание на снег под ногами, - вдруг сказал он.\n   Мы потоптались на месте, как и он, обнаружив под тоненьким слоем  снега\nтвердую толщу льда.\n   - Каток, - сказал Дьячук. -  Идеальная  плоскость,  не  иначе  как  сам\nЕвклид заливал.\n   Но Зернов не шутил.\n   - Мы стоим на льду, - продолжал он задумчиво. - Снега  не  больше  двух\nсантиметров. А посмотрите, сколько на стене. Метры. Почему? Один и тот  же\nклимат, одни и те же ветры, одни и те же условия  для  аккумуляции  снега.\nЕсть какие-нибудь соображения?\n   Никто не ответил. Зернов просто размышлял вслух.'),
	(19,4,3,'   - Структура льда,  видимо,  одинакова.  Поверхность  тоже.  Впечатление\nискусственного среза. А если смести этот сантиметровый  слой  под  ногами,\nобнаружится такой же искусственный срез. Но ведь это бессмыслица.\n   - Все бессмыслица в царстве Снежной королевы, - назидательно заметил я.\n   - Почему королевы, а не короля? - спросил Вано.\n   - Объясни ему. Толя, - сказал я, - ты же специалист по  картам.  Что  у\nнас рядом? Земля Королевы Мэри. А дальше? Земля Королевы Мод. А  в  другом\nнаправлении? Земля Королевы Виктории.\n   - Просто Виктории, - поправил Толька.\n   - Она была королевой Англии, эрудит из Института прогнозов. Кстати,  из\nобласти прогнозов: не на этой ли стене Снежная королева играла с Каем?  Не\nотсюда ли он вырезал свои кубики и складывал из них слово \"вечность\"?\n   Дьячук насторожился, предполагая подвох.\n   - А кто это - Кай?\n   - О боги, - вздохнул я, - почему Ганс Христиан Андерсен не предсказывал\nпогоды? Знаешь, какая разница между ним и тобой? В  цвете  крови.  У  него\nголубая.\n   - Голубая, между прочим, у спрутов.\n   Зернов нас не слушал.\n   - Мы примерно в том же районе? - вдруг спросил он.\n   - В каком, Борис Аркадьевич?\n   - Там, где американцы наблюдали эти облака?\n   - Много западнее, - уточнил Дьячук. - Я проверял по картам.\n   - Я сказал: примерно. Облака обычно передвигаются.\n   - Утки тоже, - хихикнул Толька.\n   - Не верите, Дьячук?\n   - Не верю. Даже смешно: не кучевые, не перистые. Кстати, сейчас никаких\nнет. - Он посмотрел на чистое небо.  -  Может  быть,  орографические?  Они\nпохожи на оплавленные сверху линзы. А розоватые от солнца. Так нет: густо,\nжирно-розовые, как малиновый кисель. Много ниже  кучевых,  не  то  надутые\nветром мешки, не то неуправляемые дирижабли. Глупости!\n   Речь шла о загадочных розовых облаках, о которых сообщили по  радио  из\nМак-Мердо американские зимовщики. Облака, похожие  на  розовые  дирижабли,\nпрошли над островом Росса, их видели на Земле Адели и в районе  шельфового\nледника Шеклтона, а какой-то  американский  летчик  столкнулся  с  ними  в\nтрехстах километрах от Мирного. Радист-американец лично  от  себя  добавил\nпринимавшему радиограмму Коле Самойлову: \"Сам видел,  будь  они  прокляты!\nБегут по небу как диснеевские поросята\".\n   В кают-компании Мирного розовые облака не  имели  успеха.  Скептические\nреплики слышались чаще, чем  замечания,  свидетельствовавшие  о  серьезной\nзаинтересованности. \"Король  хохмачей\"  Жора  Брук  из  \"Клуба  веселых  и\nнаходчивых\" атаковал флегматичного старожила-сейсмолога:\n   - О \"летающих блюдцах\" слышали?\n   - Ну и что?\n   - А о банкете в Мак-Мердо?\n   - Ну и что?\n   - Провожали в Нью-Йорк корреспондента \"Лайф\"?\n   - Ну и что?\n   - А за ним в редакцию розовые утки вылетели.\n   - Пошел знаешь куда?'),
	(20,4,4,'   Жора улыбался, подыскивая следующую жертву. Меня он обошел,  не  считая\nсебя, видимо, достаточно вооруженным  для  розыгрыша.  Я  обедал  тогда  с\nгляциологом Зерновым, который был старше меня всего на восемь лет, но  уже\nмог писать свою фамилию с приставкой \"проф.\". Что  ни  говори,  а  здорово\nбыть доктором наук в тридцать шесть лет, хотя эти науки  мне,  гуманитарию\nпо внутренней склонности, казались не такими уж важными для  человеческого\nпрогресса. Как-то я выложил это Зернову.\n   В ответ он сказал:\n   - А знаете, сколько на Земле льда и снега? В  одной  только  Антарктике\nплощадь  ледяного  покрова  зимой  доходит  до  двадцати  двух   миллионов\nквадратных километров,  да  в  Арктике  одиннадцать  миллионов,  плюс  еще\nГренландия и побережье Ледовитого океана. Да прибавьте  сюда  все  снежные\nвершины и ледники, не считая замерзающих  зимой  рек.  Сколько  получится?\nОколо трети всей земной суши. Ледяной материк вдвое больше Африки. Не  так\nуж малозначительно для человеческого прогресса.\n   Я съел все  эти  льды  и  снисходительное  пожелание  хоть  чему-нибудь\nнаучиться за время пребывания в Антарктике. Но с тех  пор  Зернов  отметил\nменя своим благосклонным вниманием и в день сообщения о розовых \"облаках\",\nвстретившись со мной за обедом, сразу предложил:\n   - Хотите совершить небольшую прогулку в глубь материка?  Километров  за\nтриста.\n   - С какой целью?\n   - Собираемся проверить американский феномен. Малоправдоподобная штука -\nвсе так считают. Но поинтересоваться все-таки надо. Вам особенно.  Снимать\nбудете на цветную пленку: облака-то ведь розовые.\n   - Подумаешь, - сказал я, - самый обыкновенный оптический эффект.\n   -  Не   знаю.   Категорически   отрицать   не   берусь.   В   сообщении\nподчеркивается, что окраска их якобы не  зависит  от  освещения.  Конечно,\nможно предположить примесь аэрозоля  земного  происхождения  или,  скажем,\nметеоритную пыль из космоса. Впрочем, меня лично интересует другое.\n   - А что?\n   - Состояние льдов на этом участке.\n   Тогда я не спросил почему, но вспомнил об этом, когда Зернов раздумывал\nвслух у загадочной ледяной стены. Он явно связывал оба феномена.\n   В снегоходе я подсел к рабочему столику Дьячука.\n   - Странная стена, странный срез, -  сказал  я.  -  Пилой,  что  ли,  ее\nпилили? Только при чем здесь облака?\n   - Почему ты связываешь? - удивился Толька.\n   - Не я связываю, Зернов связывает. Почему он,  явно  думая  о  леднике,\nвдруг о них вспомнил?\n   - Усложняешь ты что-то. Ледник действительно странный, а облака ни  при\nчем. Не ледник же их продуцирует.\n   - А вдруг?\n   -  Вдруг  только  лягушки  прыгают.   Помоги-ка   лучше   мне   завтрак\nприготовить. Как думаешь, омлет из порошка или консервы?\n   Я не успел ответить. Нас тряхнуло и опрокинуло на пол. \"Неужели  летим?\nС горы или в трещину?\" - мелькнула мысль. В ту же секунду страшный лобовой\nудар отбросил снегоход назад. Меня отшвырнуло  к  противоположной  стенке.\nЧто-то холодное и тяжелое свалилось мне на голову, и я потерял сознание.'),
	(21,5,5,'<h2>2. ДВОЙНИКИ</h2>\n   Я очнулся и не очнулся, потому что лежал без движения, не в силах  даже\nоткрыть глаза. Очнулось только сознание, а может, подсознание  -  смутные,\nнеопределенные ощущения возникали во мне, и мысль, такая же неопределенная\nи смутная, пыталась уточнить их. Я утратил весомость, казалось,  плыл  или\nвисел даже не  в  воздухе  и  не  в  пустоте,  а  в  каком-то  бесцветном,\nтепловатом коллоиде, густом и неощутимом и в то же время наполнявшем  меня\nвсего. Он проникал в поры, в глаза и в рот,  наполнял  желудок  и  легкие,\nпромывал  кровь,  а  может  быть,  сменил  ее  кругооборот  в  моем  теле.\nСоздавалось странное, но упрямо не  оставлявшее  меня  впечатление,  будто\nкто-то  невидимый  смотрит  внимательно  сквозь  меня,  ощупывая  пытливым\nвзглядом каждый сосудик и нервик, заглядывая в каждую клеточку мозга. Я не\nиспытывал ни  страха,  ни  боли,  спал  и  не  спал,  видел  бессвязный  и\nбесформенный сон и в то же время знал, что это не сон.\n   Когда сознание вернулось, кругом  было  так  же  светло  и  тихо.  Веки\nподнялись с трудом, с острой колющей болью в висках. Перед глазами стройно\nвзмывал вверх рыжий, гладкий, точно отполированный,  ствол.  Эвкалипт  или\nпальма? А может быть, корабельная сосна, вершины которой я  не  видел:  не\nмог повернуть головы. Рука нащупала что-то твердое и холодное, должно быть\nкамень. Я толкнул его, и он беззвучно откатился в  траву.  Глаза  поискали\nзелень газона в подмосковном саду, но он почему-то отливал охрой. А сверху\nиз окна или с неба струился такой  ослепительно  белый  свет,  что  память\nсейчас же подсказывала и безграничность снежной пустыни, и  голубой  блеск\nледяной стены. Я сразу все вспомнил.\n   Преодолевая боль,  я  приподнялся  и  сел,  оглядываясь  вокруг  и  все\nузнавая. Коричневый газон оказался линолеумом, рыжий ствол - ножкой стола,\nа камень под рукой - моей съемочной камерой. Она, должно быть, и свалилась\nмне на голову, когда снегоход рухнул вниз. Тогда где же Дьячук?  Я  позвал\nего, он не ответил. Не откликнулись на зов  Зернов  и  Чохели.  В  тишине,\nсовсем не похожей на тишину комнаты, где вы живете или работаете -  всегда\nгде-то капает вода, поскрипывает пол, тикают часы или жужжит залетевшая  с\nулицы муха, - звучал только мой голос. Я приложил ручные часы к  уху:  они\nшли. Было двадцать минут первого.\n   Кое-как я поднялся и, держась за стену, подошел  к  штурманской  рубке.\nОна была пуста - со стола исчезли даже перчатки и  бинокль,  а  со  спинки\nстула зерновская меховая куртка. Не было и журнала, который вел Зернов  во\nвремя пути, Вано тоже пропал вместе с рукавицами и курткой. Я  заглянул  в\nпередний иллюминатор - наружное стекло его было раздавлено и вмято внутрь.\nА за ним  белел  ровный  алмазный  снег,  как  будто  и  не  было  никакой\nкатастрофы.\n   Но память не обманывала, и  головная  боль  тоже.  В  бортовом  зеркале\nотразилось мое лицо с запекшейся кровью на лбу. Я ощупал  рану  -  костный\nпокров был цел:  ребро  съемочной  камеры  только  пробило  кожу.  Значит,\nвсе-таки что-то случилось. Может быть, все находились где-то поблизости на\nснегу? Я осмотрел в сушилке зажимы  для  лыж:  лыж  не  было.  Не  было  и\nдюралюминиевых аварийных санок. Исчезли все куртки и шапки, кроме моих.  Я\nоткрыл дверь, спрыгнул на лед - он голубовато  блестел  из-под  сдуваемого\nветром рыхлого снега.  Зернов  был  прав,  говоря  о  загадочности  такого\nтонкого снежного покрова в глубине полярного материка.'),
	(22,5,6,'   Я огляделся и сразу все понял: рядом с нашей \"Харьковчанкой\" стояла  ее\nсестра, такая же рослая, красная и  запорошенная  снегом.  Она,  вероятно,\nдогнала нас из Мирного или встретилась по пути, возвращаясь в Мирный.  Она\nже и помогла нам, вызволив из беды. Наш  снегоход  все-таки  провалился  в\nтрещину: я видел в десяти метрах отсюда и след провала - темное  отверстие\nколодца в фирновой  корочке,  затянувшей  трещину.  Ребята  из  встречного\nснегохода, должно быть, видели наше падение - а  мы,  очевидно,  счастливо\nзастряли где-нибудь в устье трещины - и  вытащили  на  свет  Божий  и  нас\nсамих, и наш злосчастный корабль.\n   - Эй! Кто в снегоходе?! - крикнул я, обходя его с носа.\n   В четырех  ветровых  иллюминаторах  не  показалось  ни  одно  лицо,  не\nотозвался ни один голос. Я вгляделся и обмер:  у  снегохода-близнеца  было\nтак же раздавлено и промято внутрь стекло крайнего ветрового иллюминатора.\nЯ посмотрел на левую гусеницу: у нашего вездехода была примета -  один  из\nего гусеничных стальных рубцов-снегозацепов был приварен  наново  и  резко\nотличался от остальных. Точно такой же рубец был и у этой гусеницы. Передо\nмной стояли не близнецы из одной заводской серии, а двойники,  повторяющие\nдруг  друга  не   только   в   серийных   деталях.   И,   открывая   дверь\n\"Харьковчанки\"-двойника, я внутренне содрогнулся, предчувствуя недоброе.\n   Так и случилось. Тамбур был пуст, я не нашел ни лыж, ни  саней,  только\nодиноко висела на крючке моя кожаная, на меху куртка. Именно _моя куртка_:\nтак же был порван и зашит левый рукав, так же вытерся  мех  у  обшлагов  и\nтемнели на плече два жирных пятна  -  как-то  я  взялся  за  него  руками,\nизмазанными в машинном масле. Я быстро вошел  в  кабину  и  прислонился  к\nстене, чтобы не упасть: мне показалось, что у меня останавливается сердце.\n   На полу у стола лежал я в том же коричневом свитере и ватных штанах,  а\nлицо мое так же прильнуло к ножке стола, и кровь так же запеклась  у  меня\nна лбу, и рука так же  цеплялась  за  съемочную  камеру.  _Мою_  съемочную\nкамеру.\n   Возможно, это был сон и я еще не проснулся и видел себя самого на полу,\nвидел как бы вторым зрением? Щипком рванул кожу  на  руке:  больно.  Ясно:\nочнулся и не сплю. Значит, сошел с ума. Но  из  книг  и  статей  мне  было\nизвестно, что сумасшедшие никогда не  предполагают,  что  они  помешались.\nТогда что же это? Галлюцинация? Мираж? Я тронул стену: она  была  явно  не\nпризрачной. Значит, не призраком был и я сам, лежавший без чувств  у  себя\nже под ногами. Нелепица, нонсенс. Я вспомнил  свои  же  слова  о  загадках\nСнежной королевы. Может быть, все-таки есть  Снежная  королева,  и  чудеса\nесть, и двойники-фантомы, а наука - это вздор и самоутешение?\n   Что  же  делать?   Бежать   сломя   голову,   запереться   у   себя   в\nдвойнике-снегоходе и чего-то ждать, пока окончательно не  сойдешь  с  ума?\nВспомнилось чье-то изречение: если то, что ты видишь, противоречит законам\nприроды, значит, виноват и ошибаешься ты,  а  не  природа.  Страх  прошел,\nостались непонимание и злость, и я, даже не пытаясь быть осторожным,  пнул\nногой лежащего. Он застонал и открыл глаза. Потом  приподнялся  на  локте,\nсовсем как я, и сел, тупо оглядываясь.\n   - А где же все? - спросил он.\n   Я не узнал голоса - не мой или мой, только в магнитофонной  записи.  Но\nдо какой же степени он был мной, этот фантом, если думал о том же, придя в\nсознание!'),
	(23,5,7,'   - Где же они? - повторил он и крикнул: - Толька! Дьячук!\n   Как и мне, ему никто не ответил.\n   - А что случилось? - спросил он.\n   - Не знаю, - сказал я.\n   - Мне показалось, что снегоход  провалился  в  трещину.  Нас  тряхнуло,\nпотом ударило, должно быть, о ледяную стенку. Я упал... Потом...  Куда  же\nони все девались?\n   Меня он не узнавал.\n   - Вано! - позвал он, подымаясь.\n   И  снова  молчание.  Все  происшедшее  четверть  часа   назад   странно\nповторялось. Он, пошатываясь, дошел до штурманской рубки, потрогал  пустое\nкресло водителя, прошел в сушилку, обнаружил там, как и я, отсутствие  лыж\nи саней, потом вспомнил обо мне и вернулся.\n   - А вы откуда?\" - спросил он, вглядываясь, и вдруг  отшатнулся,  закрыв\nлицо рукой. - Не может быть! Сплю я, что ли?\n   - Я тоже так думал... сначала, - сказала. Мне уже не было страшно.\n   Он присел, на поролоновый диванчик.\n   - Вы... ты... простите... о черт... ты похож на меня, как в зеркале. Ты\nне призрак?\n   - Нет. Можешь пощупать и убедиться.\n   - Тогда кто же ты?\n   - Анохин Юрий Петрович.  Оператор  и  радист  экспедиции,  -  сказал  я\nтвердо.\n   Он вскочил.\n   - Нет, это я Анохин Юрий Петрович,  оператор  и  радист  экспедиции!  -\nзакричал он и снова сел.\n   Теперь мы оба молчали,  рассматривая  друг  друга:  один  -  спокойнее,\nпотому что видел и знал  чуточку  больше,  другой  -  с  сумасшедшинкой  в\nглазах, повторяя, вероятно, все мои мысли, какие возникали у меня, когда я\nвпервые увидел _его_. Да, в тишине кабины с одинаковой ритмичностью тяжело\nдышали два одинаковых человека.'),
	(24,6,8,'<h2>3. РОЗОВЫЕ \"ОБЛАКА\"</h2>\n   Как долго это тянулось, не помню. В конце концов он заговорил первым:\n   - Ничего не понимаю.\n   - Я тоже.\n   - Не может же раздвоиться человек.\n   - И мне так казалось.\n   Он задумался.\n   - Может быть, все-таки есть Снежная королева?\n   - Повторяешься, - сказал я. - Об этом я раньше подумал. А наука  -  это\nвздор и самоутешение.\n   Он смущенно засмеялся, словно одернутый старшим товарищем. По отношению\nк нему я и был старшим. И тут же внес поправку, как говорится:\n   - Пошутили, и будет. Это какой-то физический и психический обман. Какой\nименно, я еще не могу разобраться: Но обман. Что-то не  настоящее.  Знаешь\nчто? Пойдем в рубку к Зернову.\n   Он понял меня с полуслова: ведь он был моим отражением. А  подумали  мы\nоб одном и том же: уцелел ли при аварии микроскоп? Оказалось, что  уцелел:\nстоял на своем месте в шкафчике. Не разбились и стеклышки для  препаратов.\nМой двойник их тут же достал из коробочки. Мы сравнили руки: даже мозоли и\nзаусенцы у нас были одни и те же.\n   - Сейчас проверим, - сказал я.\n   Каждый из нас наколол палец, размазал кровь  по  стеклышкам,  и  мы  по\nочереди рассмотрели оба препарата под микроскопом. И кровь  у  обоих  была\nодинаковой.\n   - Один материал, - усмехнулся он, - копия.\n   - Ты копия.\n   - Нет, ты.\n   - Погоди, - остановил его я, - а кто тебя пригласил в экспедицию?\n   - Зернов. Кто же еще?\n   - А с какой целью?\n   - Выспрашиваешь, чтобы потом повторить?\n   - Зачем? Сам могу тебе подсказать. Из-за розовых облаков, да?\n   Он прищурился, вспоминая о чем-то, и спросил с хитрецой:\n   - А какую ты школу кончил?\n   - Институт, а не школу.\n   - А я о школе спрашиваю. Номерок. Забыл?\n   - Это ты забыл. А я семьсот девятую кончил.\n   - Допустим. А кто у нас слева на крайней парте сидел?\n   - А почему, собственно, ты меня экзаменуешь?\n   - Проверочка. А вдруг ты Ленку забыл. Кстати, она потом замуж вышла.\n   - За Фибиха, - сказал я.\n   Он вздохнул.\n   - У нас и жизнь одинаковая.\n   - И все-таки я убежден: ты копия, призрак и наваждение, -  окончательно\nобозлился  я.  -  Кто  первым  очнулся?   Я.   Кто   первым   увидел   две\n\"Харьковчанки\"? Тоже я.\n   - Почему две? - вдруг спросил он.\n   Я торжествующе хохотнул. Мой приоритет получал наглядное подтверждение.\n   - Потому что рядом стоит другая. Настоящая. Можешь полюбоваться.'),
	(25,6,9,'   Он прильнул к бортовому  иллюминатору,  растерянно  взглянул  на  меня,\nпотом  молча  натянул  копию  моей  куртки  и  вышел  на  лед.   Одинаково\nприваренный снегозацеп и одинаково промятое стекло иллюминатора  заставили\nего нахмуриться. Он осторожно заглянул  в  тамбур,  прошел  к  штурманской\nрубке и вернулся к столику с моей съемочной камерой. Ее он даже потрогал.\n   - Родная сестра, - сказал он мрачно.\n   - Как видишь. Я и она родились раньше.\n   - Ты только очнулся раньше, - нахмурился он, - а кто из нас  настоящий,\nеще неизвестно. Мне-то, впрочем, известно.\n   \"А вдруг он прав? - подумал я. - Вдруг двойник и фантом совсем не он, а\nя? И кто это, черт побери, может определить, если и ногти у нас  одинаково\nобломаны, и школьные друзья одни и те же?  Даже  мысли  дублируются,  даже\nчувства, если внешние раздражители одинаковы\".\n   Мы смотрели друг на друга, как в зеркало. И может же такое случиться!\n   - Знаешь, о чем я сейчас думаю? - вдруг проговорил он.\n   - Знаю, - сказал я. - Пойдем посмотрим.\n   Я знал, о чем он подумал, потому что об этом подумал  я  сам.  Если  на\nльду оказались две \"Харьковчанки\" и неизвестно, какая из них провалилась в\nтрещину, то почему иллюминатор разбит у обоих? А если провалились обе,  то\nкак они выбрались?\n   Не разговаривая, мы побежали к пролому в фирновой корке. Легли  плашмя,\nподтянувшись к самому краю ледяной щели, и сразу  все  поняли.  Провалился\nодин снегоход, потому что  был  след  падения  только  одной  машины.  Она\nзастряла метрах в трех от края ледяной  трещины,  между  ее  суживающимися\nстенками. Мы увидели и ступени во льду, должно быть вырубленные  Вано  или\nЗерновым, смотря кто первым сумел выбраться на поверхность. Значит, вторая\n\"Харьковчанка\" появилась уже после падения первой. Но кто же тогда вытащил\nпервую? Ведь сама она из трещины выбраться не могла.\n   Я еще раз заглянул в пропасть.  Она  чернела,  углубляясь,  зловещая  и\nбездонная. Я подобрал кусок льда, отколовшийся от края трещины -  вероятно\nотбитый кайлом, которым вырубали ступени, - и швырнул его вниз. Он  тотчас\nже исчез из поля зрения, но звука падения  его  я  не  услышал.  Мелькнула\nмысль: а не столкнуть ли туда  и  навязанного  мне  оборотня?  Подскочить,\nсхватить за ноги...\n   - Не воображай, что тебе это удастся, - сказал он.\n   Я растерялся сначала, потом сообразил.\n   - Сам об этом подумал?\n   - Конечно.\n   - Что ж, сразимся. Может, кто-нибудь и сдохнет.\n   - А если оба?\n   Мы стояли друг против  друга  злые,  взбыченные,  отбрасывая  на  снегу\nодинаковую тень. И вдруг обоим стало смешно.\n   - Фарс,  -  сказал  я.  -  Вернемся  в  Москву,  будут  нас  показывать\nгде-нибудь в цирке. Два-Анохин-два.\n   - Почему в  цирке?  В  Академии  наук.  Новый  феномен,  вроде  розовых\nоблаков.\n   - Которых нет.\n   - Посмотри. - Он показал на небо.'),
	(26,6,10,'   В тусклой его синеве качалось розовое  облако.  Одно-единственное,  без\nсоседей  и  спутников,  как  винное  пятно  на  скатерти.  Оно  подплывало\nмедленно-медленно и очень низко, гораздо ниже грозовых облаков,  и  совсем\nне походило на облако. Я бы даже  не  сравнил  его  с  дирижаблем.  Скорей\nвсего, оно напоминало кусок раскатанного на столе темно-розового теста или\nзапущенный в небо большой малиновый змей. И,  странно  подрагивая,  словно\nпульсируя, шло наискось к земле, как живое.\n   - Медуза, - сказал мой \"дубль\", повторяя мою же мысль, - живая  розовая\nмедуза. Только без щупалец.\n   - Не повторяй моих глупостей. Это - вещество, а не существо.\n   - Ты думаешь?\n   - Как и ты. Посмотри получше.\n   - А почему оно вздрагивает?\n   - Клубится. Это же газ или  водяные  пары.  Или  не  водяные.  А  может\nбыть... пыль, - прибавил я неуверенно.\n   Малиновый змей остановился прямо над нами и начал снижаться. От нас его\nотделяло метров пятьсот, не больше. Дрожащие края его  загибались  вниз  и\nтемнели. Змей превращался в колокол.\n   - Дуб маврийский! - воскликнул я, вспомнив о кинокамере. -  Снимать  же\nнадо!\n   И бросился к своей \"Харьковчанке\". Проверить, работает ли аппарат  и  в\nпорядке ли кассета с цветной пленкой, было делом  одной  минуты.  Я  начал\nснимать прямо из открытой двери, потом, спрыгнув на лед и обежав спаренные\nснегоходы, нашел другой пункт для съемки. И тут только  заметил,  что  мой\nальтер эго стоит без камеры и растерянно наблюдает за моей суетней.\n   - Ты почему не снимаешь? - крикнул я, не отрываясь от видоискателя.\n   Он ответил не сразу и с какой-то непонятной медлительностью:\n   - Не... знаю. Что-то мешает... не могу.\n   - Что значит \"не могу\"?\n   - Не могу... объяснить.\n   Я уставился на него, даже забыв об  угрозе  с  неба.  Вот  наконец  это\nразличие! Значит, мы не совсем, не  до  конца  одинаковые.  Он  переживает\nнечто, меня совсем не затрагивающее. Ему что-то мешает, а я  свободен.  Не\nзадумываясь,  я   поймал   его   в   объектив   и   запечатлел   на   фоне\nснегохода-двойника. На мгновение я даже забыл  о  розовом  облаке,  но  он\nнапомнил:\n   - Оно пикирует.\n   Малиновый колокол уже не опускался, а падал. Я инстинктивно отпрыгнул.\n   - Беги! - закричал я.\n   Мой новоявленный близнец наконец сдвинулся с места, но  не  побежал,  а\nкак-то странно попятился к своей \"Харьковчанке\".\n   - Куда?! С ума сошел!\n   Колокол опускался прямо на  него,  но  он  даже  не  ответил.  Я  снова\nприльнул к видоискателю: не упускать же такие кадры.  Даже  страх  пропал,\nпотому что творившееся  передо  мной  было  поистине  неземным  феноменом.\nНичего подобного не снимал никогда ни один оператор.\n   Облако резко уменьшилось в размерах и потемнело. Теперь оно походило на\nопрокинутую чашечку огромного тропического цветка. От земли  его  отделяло\nметров шесть-семь, не больше.\n   - Берегись! - крикнул я.'),
	(27,6,11,'   Я вдруг забыл, что  он  тоже  феномен,  а  не  человек,  и  гигантским,\nнепостижимым для меня прыжком рванулся к нему на помощь.  Как  выяснилось,\nпомочь ему я все равно бы не мог, но прыжок сократил расстояние между нами\nнаполовину. Вторым прыжком я бы достал его. Но  что-то  не  пустило  меня,\nдаже отбросило назад, словно удар волны или ураганного ветра.  Я  чуть  не\nупал, но удержался, даже камеры из рук не выпустил.  А  чудовищный  цветок\nуже достиг земли, и теперь уже не  малиновые,  а  багровые  лепестки  его,\nдиковинно пульсируя, прикрывали обоих двойников -  снегоход  и  меня.  Еще\nсекунда - и они коснулись запорошенного снегом льда. Теперь рядом  с  моей\n\"Харьковчанкой\" возвышался странный багровый холм. Он словно  пенился  или\nкипел, окутанный переливающейся  малиновой  дымкой.  Словно  электрические\nразряды,  вспыхивали  в  ней  золотистые  искорки.  Я  продолжал  снимать,\nстараясь в то  же  время  подойти  ближе.  Шаг,  еще  шаг...  еще...  Ноги\nналивались непонятной тяжестью, их словно гнуло,  притягивало  к  ледяному\nполю. Невидимый магнит в нем как бы приказывал: стоп, ни с места! Ни  шагу\nдальше. И я остановился.\n   Холм чуточку посветлел, из багрового опять стал малиновым и вдруг легко\nвзметнул вверх.  Опрокинутая  чашечка  разрослась,  порозовевшие  края  ее\nмедленно загибались вверх. Колокол превратился снова  в  змей,  а  розовое\nоблако в сгусток газа, клубящийся на ветру. Он ничего  не  унес  с  земли,\nникаких сгущений или туманностей не было заметно в его воздушной толще, но\nвнизу на ледяном поле осталась только моя  \"Харьковчанка\".  Ее  загадочный\nдвойник исчез так же внезапно, как и появился. Лишь на снегу еще виднелись\nследы широченных гусениц, но ветер уже сдувал их, покрывая ровным пушистым\nодеялом. Скрылось и \"облако\", пропало где-то за ребром  ледяной  стены.  Я\nпосмотрел на часы. Прошло тридцать три минуты с тех пор, как я, очнувшись,\nзасек время.\n   Я испытывал необычное чувство облегчения от сознания того, что из  моей\nжизни ушло что-то очень страшное, страшное по своей необъяснимости, и  еще\nболее страшное, потому что я уже начал привыкать  к  этой  необъяснимости,\nкак сумасшедший к своему бреду. Бред улетучился вместе  с  розовым  газом,\nисчезла и невидимая преграда, не подпустившая меня к  двойнику.  Сейчас  я\nбеспрепятственно подошел к своему снегоходу и сел на  железную  ступеньку,\nне заботясь о том, что примерзну к ней на  все  крепчавшем  морозце  Ничто\nменя уже не заботило, кроме мысли о том, как  объяснить  этот  получасовой\nкошмар. И во второй, и в третий, и в десятый раз, опустив голову на  руки,\nя спрашивал вслух:\n   - Что же, в сущности, произошло после катастрофы?'),
	(28,7,1,'<h2>1</h2>\n   На этот раз свидетелей не будет...\n   На этот раз - лишь мертвая земля, раскаты  грома  да  моросящий  дождь,\nпринесенный ветром с северо-востока, извечный спутник земных катаклизмов.\n   Ураганы  и  грозы,  бушевавшие  третьего   дня,   утихли,   наводнение,\nначавшееся неделю назад, прекратилось, и,  хотя  небо  по-прежнему  сулило\nдождь, к вечеру все разрешилось унылой моросью.\n   Порыв ветра пронесся над сумеречными равнинами и, попетляв среди низких\nхолмов,  вырвался  на  простор  неглубокой  долины.  Здесь   он   встретил\nединственное препятствие - подобие наклонной башни, силуэт которой одиноко\nторчал над первородным месивом грязи.\n   Ее  остов,  похожий  на  обрубок,  напоминал  кусок  застывшей   магмы,\nисторгнутый преисподней. Наклон башни был пугающе странен, словно причиной\nего было нечто более грозное и зловещее,  чем  внушительная  тяжесть.  Она\nказалась мертвым реликтом далеких времен сотворения мира.\n   Живым и движущимся в этой долине был лишь  вяло  текущий  поток  вязкой\nгрязи. Но он, обойдя основание башни и достигнув неглубокой ложбины в миле\nот нее, бесследно исчезал под землей.\n   В сгущающихся сумерках на мертвой башне вдруг появились признаки жизни.\nВ ее темном чреве забрезжил свет.\n   Крохотная красная точка бита едва различимой,  если  бы  было  кому  ее\nзаметить. Без сомнения, это  был  живой  огонь.  С  каждым  мгновением  он\nразгорался все ярче, но вскоре стал слабеть и внезапно погас. Ветер  донес\nдолгий печальный звук, похожий на стон. Он вдруг стал громче и,  достигнув\nвысокой, пронзительно-тоскливой ноты, столь же внезапно оборвался.\n   Шло время, и снова появился огонь.  Он  был  слаб  и  трепетен,  однако\nдвигался. От подножия башни, то  появляясь,  то  исчезая;  он,  словно  по\nспирали,  поднимался  вверх.  Уже  можно  было  смутно  различить   фигуру\nчеловека, в чьих руках, должно быть, находился этот слабый источник света.\nНо вскоре и его поглотила тьма.\n   Минул  час.  Стемнело.  Мир,   казалось,   умер,   ночная   мгла   была\nнепроницаемой.\n   Однако свет появился вновь. Он был уже на вершине башни и  горел  ярко,\nуверенно, словно знал, что делает. Тишину ночи нарушали звуки, похожие  на\nстенания,  вскоре  перешедшие  в  надрывный  вой.  Чем  пронзительнее   он\nстановился, тем ярче разгоралась багровая точка слепящего света.\n   И вдруг на какую-то долю секунды все смолкло,  свет  погас.  Воцарилось\nбезмолвие.\n   Но вот у подножия башни, словно рождаясь из  грязи,  засветилось  белое\nпятно рассеянного света, и в ту же минуту  от  рева  содрогнулись  небеса,\nвздыбилась река грязи. С  непонятной  яростью  сомкнулись  в  схватке  две\nстихии -  небо  и  земля.  Пугающие  розовые  зарницы,  зеленые  всполохи,\nоранжевое зарево окрасили  небосклон,  и  все  снова  погасло.  Ночь  была\nпугающе черной. В наступившей тишине где-то звонко падали капли.\n   Утро  выдалось  ослепительно  ясным   и   обещало   теплый,   солнечный\nблагодатный день, каких доселе не бывало, если бы мог кто это подтвердить.\nВоздух был чист и прозрачен, по дну  уцелевшей  части  долины  несла  свои\nнезамутненные воды река.\n   Время по-настоящему начало свой ход.'),
	(29,8,2,'<h2>2</h2>\n   Высоко на выступе скалы верхом на понурой  лошади  сидел  Электрический\nМонах. Из-под  надвинутого  на  глаза  капюшона  грубошерстной  монашеской\nсутаны он уставился на открывшуюся его взору еще одну долину и  мучительно\nразмышлял.\n   День  был  жаркий,  солнце,  высоко  стоявшее  в  пустом  мареве  неба,\nбезжалостно жгло серые камни и жалкие остатки сухой  травы.  Все  застыло.\nНеподвижен был и  Монах.  Лишь  лошадь,  изредка  вяло  взмахнув  хвостом,\nнарушала застоявшуюся тишину.\n   Электрический Монах был роботом, бытовым прибором, экономящим  время  и\nтруд  человека,  как  посудомоечная  машина  или  видеомагнитофон:  первая\nизбавляет человека от малоприятной возни с грязной посудой,  второй  -  от\nнеобходимости  самому  смотреть  скучные   передачи   по   телевизору.   В\nобязанности Электрического Монаха входило верить во все, во  что  положено\nверить людям, и, таким образом, освобождать их от  этой  становящейся  все\nболее обременительной необходимости.\n   Но в этом  экземпляре  Монаха,  к  несчастью,  обнаружился  изъян.  Его\nдействия стали беспорядочными и  непредсказуемыми.  Робот  стал  верить  в\nтакие  вещи,  в  которые  с  трудом  поверили  бы  даже  в  Солт-Лейк-Сити\n[очевидно, намек на самобытность взглядов  и  нравов  жителей  штата  Юта,\nнаселенного в значительной  степени  мормонами,  чьи  законы,  традиции  и\nверования до сих пор отличаются от принятых в Америке XX  века].  Конечно,\nМонах  никогда  не  слышал  об  этом  городе,  как  не  знал,  сколько  не\nподдающихся  подсчету  миль  отделяет  эту   долину,   повергшую   его   в\nзамешательство, от Большого Соленого озера в  далеком  американском  штате\nЮта.\n   Растерянность и сомнения Электрического Монаха были вполне  обоснованы.\nОн искренне верил, что долина и все  вокруг,  включая  его  самого  и  его\nлошадь, окрашены в нежно-розовый  цвет.  Это  лишало  беднягу  возможности\nразличить что-либо на незнакомой местности, а главное, решить, что  делать\nдальше и куда держать путь, на котором его, несомненно, ждут опасности.\n   Вот почему Монах застыл в раздумье на краю выступа, а у его лошади  был\nтакой унылый вид. Привыкнув ко многому, она, однако, сразу поняла, что  из\nвсех нелепых ситуаций, в которые они с Монахом до сих  пор  попадали,  это\nбыла, пожалуй, самой нелепой.\n   Как давно Монах стал верить всему, что видел? Пожалуй, с самого начала.\nВера, сдвигавшая горы или позволявшая верить вопреки здравому смыслу,  что\nони розовые, была крепка в нем и  незыблема,  как  скала,  на  которой  он\nстоял. Лошадь, однако, знала, что ее хватит разве что на сутки.\n   Что же это за лошадь, у которой на все было собственное мнение и к тому\nже столь скептическое? Странная лошадь на первый взгляд, не так ли?\n   Отнюдь  нет.  Даже  будучи  достойной  представительницей  этого   вида\nживотных, она была  самой  обыкновенной  лошадью,  результатом  длительной\nконвергентной эволюции, и  встречалась  теперь  в  достаточном  количестве\nповсюду. Лошади, в сущности, гораздо умнее, чем хотят это показать. Трудно\nпостоянно носить на себе другое существо и не составить о нем  собственное\nмнение.\n   С другой стороны, оказалось,  что  вполне  возможно  целыми  днями,  не\nслезая, сидеть на ком-то и ничего не знать о нем.'),
	(30,8,3,'   Когда создавались первые модели Электрических Монахов, ставилась вполне\nопределенная задача: с первого же взгляда они  должны  распознаваться  как\nискусственно созданная вещь. Гуманоиды не должны быть  похожими  на  живых\nлюдей. Вряд ли кому понравится, если видеомагнитофон поведет себя, как его\nхозяин: будет валяться на диване перед телевизором, ковырять в носу,  пить\nпиво и посылать домашних за пиццей.\n   Поэтому было принято разумное решение создать Монахов одноглазыми,  что\nбыло не только оригинальным с точки зрения дизайна, но  и  практичным  при\nиспользовании  их  в  качестве  наездников,   смотрящих   вперед.   Почему\nнаездников? Это было очень важно, ибо всадник на лошади  внушает  доверие.\nТакже возникла идея дать Монахам две ноги для удобства и равновесия,  что,\nкстати, намного дешевле, чем, скажем, семнадцать, девятнадцать, а то и все\nдвадцать три ноги, как у обычных приматов. Монахов также наделили  розовой\nэластичной и гладкой кожей вместо багрово-красной  чешуйчатой,  дали  один\nрот и один нос. Впрочем, потом их сделали двуглазыми. Получились  довольно\nстранные существа, обладающие, однако, великолепной способностью верить  в\nсамое невероятное.\n   Первый сбой этот экземпляр Монаха дал после того, как  ему  пришлось  в\nодин прекрасный день поверить в слишком многое. По ошибке его использовали\nв  паре  с  видеомагнитофоном,  подключенным  к  семнадцати  телевизионным\nканалам  одновременно.  У  Монаха   полетела   система   алогичных   схем.\nВидеомагнитофону надлежит всего лишь  снимать  и  записывать  все  подряд,\nникто не требует от него верить в то, что он видит. Вот почему  так  важно\nдля гарантии правильного пользования каждый прибор снабжать инструкцией.\n   После поистине непомерной нагрузки в течение целой  недели  Монах  стал\nверить, что война - это мир, добро - зло, луна сделана из голубого сыра, а\nГосподу Богу неотложно следует выслать солидную сумму  денег  на  такой-то\nабонентный ящик. Монах также поверил, что треть его таблиц содержит в себе\nпрямо противоположные данные. На этом он окончательно свихнулся и вышел из\nстроя.  Механик,  к  которому  обратилась  фирма,   посоветовал   заменить\nматеринскую плату и как бы между прочим намекнул, что это обойдется  почти\nв столько  же,  сколько  стоит  новая  модель  многоцелевого  Монаха-Плюс,\nкоторые вдвое мощнее. Последние,  кстати,  лучше  защищены  от  негативных\nвоздействий, имеют совершенно новую многоцелевую  отрицающую  способность,\nкоторая  позволяет  хранить  в  памяти  до  шестнадцати  разных   и   даже\nдиаметрально противоположных идей, свободных от системных ошибок, и  вдвое\nбыстрее выдают информацию.\n   Это все и решило.\n   Неисправный Монах был заменен новой моделью и изгнан в пустыню, где мог\nверить во что угодно и сколько угодно, в том числе  и  в  то,  что  с  ним\nобошлись чертовски несправедливо.  Однако  ему  все  же  оставили  лошадь,\nпоскольку делать лошадей практически ничего не стоило.\n   Несколько дней, показавшихся бедняге сначала тремя днями, затем  сорока\nтремя и наконец пятьюстами девяносто восемью тысячами  семьюдесятью  тремя\nднями, он кружил по пустыне и искренне верил всему, что видел. А видел  он\nкамни, облака, стаи птиц и даже несуществующий вид  слонового  аспарагуса.\nНаконец, достигнув самой высокой точки местности, он  увидел  перед  собой\nдолину, которая вопреки его глубокому убеждению не была  все  же  розовой.\nОтнюдь нет.\n   А время шло.'),
	(31,9,4,'<h2>3</h2>\n   Время Шло.\n   Сьюзан ждала. Чем больше ждала, тем упорнее не звонил звонок у двери  и\nмолчал телефон. Сьюзан чувствовала, что еще мгновение и она может с полным\nправом  рассердиться.  Собственно,  она  уже  сделала  это.  Но  пока  еще\nсердилась как бы впрок. Однако теперь временной порог был перейден и  вина\nполностью лежала на опаздывающем Ричарде. Никакие пробки на  перекрестках,\nпроисшествия на дорогах и его собственная рассеянность,  медлительность  и\nобычная нерасторопность не могут оправдать опоздания на  целых  полчаса...\nОн сам  назначил  это  время  как  крайний  срок,  когда  он,  безусловно,\nосвободится, и велел ей быть готовой и ждать.\n   Представив  себе,  что  с  ним   что-то   случилось,   она   попыталась\nвстревожиться, но ничего  не  вышло.  С  ним  никогда  ничего  плохого  не\nслучалось, а следовало бы. Если в  ближайшее  время  с  ним  действительно\nничего не произойдет, она постарается ему в этом помочь. Неплохая мысль.\n   Приняв такое решение, Сьюзан сердито плюхнулась в кресло и  попробовала\nвключить новости по телевизору. Но они только  еще  больше  разозлили  ее.\nПереключившись на другой канал и  после  нескольких  мгновений  так  и  не\nразобрав,  что  там  происходит,  она  снова   нажала   на   дистанционный\nпереключатель. На душе стало совсем погано.\n   Возможно, следует позвонить ему. Нет, этого, черт побери, он от нее  не\nдождется. И к тому же он может сам в этот  момент  звонить  ей.  Если  она\nбудет звонить ему, а он ей в одно и то же время, они никогда друг другу не\nдозвонятся.\n   Сьюзан решила побыстрее отказаться от этой мысли, словно она никогда  и\nне могла прийти ей в голову.\n   Черт побери, где же он? В  сущности,  кому  он  нужен?  Ей,  во  всяком\nслучае, решительно нет.\n   Трижды он обманул ее. Трижды подряд.  Сьюзан  снова  сердито  защелкала\nпереключателем. На этот  раз  сообщали  что-то  сенсационное  о  музыке  и\nкомпьютерах.\n   Ах, вот оно что. Догадка  закралась  еще  до  того,  как  она  включила\nтелевизор. Теперь ей было все ясно.\n   Сьюзан вскочила, подошла к  телефону,  раздраженно  схватила  трубку  и\nнабрала номер.\n   - Алло, Майкл? Это Сьюзан. Сьюзан Уэй.  Помнишь,  ты  просил  позвонить\nтебе, если я буду свободна. Я еще тебе тогда сказала, что скорее подохну в\nканаве, чем позвоню,  даже  если  буду  свободна?  Так  вот,  я  свободна,\nсовершенно, полностью и абсолютно свободна, но  поблизости  нет  ни  одной\nподходящей канавы. Так что советую не мешкать и  воспользоваться  случаем.\nТы найдешь меня через полчаса в клубе \"Танжер\".\n   Она сунула ноги в туфли, подхватила пальто, но тут  же  вспомнила,  что\nсегодня четверг и надо сменить ленту на автоответчике.  Это  заняло  всего\nпару минут. Вскоре Сьюзан громко захлопнула за собой дверь. Когда  наконец\nзазвонил телефон, автоответчик вежливо сообщил, что Сьюзан  Уэй  не  может\nсейчас подойти  к  телефону,  но  \"если  вы  оставите  ваше  сообщение  на\nавтоответчике, я вам позвоню. Возможно\".');

/*!40000 ALTER TABLE `pages` ENABLE KEYS */;
UNLOCK TABLES;



/*!40111 SET SQL_NOTES=@OLD_SQL_NOTES */;
/*!40101 SET SQL_MODE=@OLD_SQL_MODE */;
/*!40014 SET FOREIGN_KEY_CHECKS=@OLD_FOREIGN_KEY_CHECKS */;
/*!40101 SET CHARACTER_SET_CLIENT=@OLD_CHARACTER_SET_CLIENT */;
/*!40101 SET CHARACTER_SET_RESULTS=@OLD_CHARACTER_SET_RESULTS */;
/*!40101 SET COLLATION_CONNECTION=@OLD_COLLATION_CONNECTION */;
